learner,target_region,budget_retrains,policy,mean_mae
ft_transformer,CAU,0,policy,0.7393302141271979
ft_transformer,CAU,0,oracle,0.7393302141271979
ft_transformer,CAU,0,random,0.7393302141271979
ft_transformer,CAU,1,policy,0.7393266884221493
ft_transformer,CAU,1,oracle,0.7381798661574491
ft_transformer,CAU,1,random,0.7393024858219226
ft_transformer,CAU,2,policy,0.739328478367694
ft_transformer,CAU,2,oracle,0.7377243782992837
ft_transformer,CAU,2,random,0.7392747575166473
ft_transformer,CAU,3,policy,0.7393092188426261
ft_transformer,CAU,3,oracle,0.7374742392795777
ft_transformer,CAU,3,random,0.7392470292113719
ft_transformer,CAU,4,policy,0.7394540196887537
ft_transformer,CAU,4,oracle,0.7372277831044383
ft_transformer,CAU,4,random,0.7392193009060966
ft_transformer,CAU,5,policy,0.7395962645309139
ft_transformer,CAU,5,oracle,0.7370485862554244
ft_transformer,CAU,5,random,0.7391915726008212
ft_transformer,CAU,6,policy,0.7397710032168846
ft_transformer,CAU,6,oracle,0.7369325703298725
ft_transformer,CAU,6,random,0.7391638442955459
ft_transformer,CAU,7,policy,0.739935320487502
ft_transformer,CAU,7,oracle,0.7368891998228922
ft_transformer,CAU,7,random,0.7391361159902706
ft_transformer,CAU,8,policy,0.739960774190341
ft_transformer,CAU,8,oracle,0.7368699402978244
ft_transformer,CAU,8,random,0.7391083876849952
ft_transformer,CAU,9,policy,0.7399429271147342
ft_transformer,CAU,9,oracle,0.7368520932222176
ft_transformer,CAU,9,random,0.7390806593797199
ft_transformer,CAU,10,policy,0.7400611909560378
ft_transformer,CAU,10,oracle,0.7368374936966503
ft_transformer,CAU,10,random,0.7390529310744446
ft_transformer,CAU,11,policy,0.7400486432752119
ft_transformer,CAU,11,oracle,0.7368249460158244
ft_transformer,CAU,11,random,0.7390252027691693
ft_transformer,CAU,12,policy,0.7401654425751603
ft_transformer,CAU,12,oracle,0.7368145278463982
ft_transformer,CAU,12,random,0.738997474463894
ft_transformer,CAU,13,policy,0.740284733955254
ft_transformer,CAU,13,oracle,0.7368110021413496
ft_transformer,CAU,13,random,0.7389697461586185
ft_transformer,CAU,14,policy,0.7402941605201352
ft_transformer,CAU,14,oracle,0.7368083289633416
ft_transformer,CAU,14,random,0.7389420178533432
ft_transformer,CAU,15,policy,0.7403737177150419
ft_transformer,CAU,15,oracle,0.7368101189088863
ft_transformer,CAU,15,random,0.7389142895480679
ft_transformer,CAU,16,policy,0.7405390733551132
ft_transformer,CAU,16,oracle,0.7368183136444422
ft_transformer,CAU,16,random,0.7388865612427926
ft_transformer,CAU,17,policy,0.7406969054597587
ft_transformer,CAU,17,oracle,0.7368277402093234
ft_transformer,CAU,17,random,0.7388588329375173
ft_transformer,CAU,18,policy,0.7407307970220184
ft_transformer,CAU,18,oracle,0.7368406057815882
ft_transformer,CAU,18,random,0.7388311046322419
ft_transformer,CAU,19,policy,0.7407203788525921
ft_transformer,CAU,19,oracle,0.7368660594844274
ft_transformer,CAU,19,random,0.7388033763269666
ft_transformer,CAU,20,policy,0.740780097288053
ft_transformer,CAU,20,oracle,0.7368996566358658
ft_transformer,CAU,20,random,0.7387756480216913
ft_transformer,CAU,21,policy,0.7407367267810728
ft_transformer,CAU,21,oracle,0.7369335481981254
ft_transformer,CAU,21,random,0.738747919716416
ft_transformer,CAU,22,policy,0.740557529932059
ft_transformer,CAU,22,oracle,0.7369722605118063
ft_transformer,CAU,22,random,0.7387201914111406
ft_transformer,CAU,23,policy,0.740307390912353
ft_transformer,CAU,23,oracle,0.7370319789472671
ft_transformer,CAU,23,random,0.7386924631058652
ft_transformer,CAU,24,policy,0.7398519030541876
ft_transformer,CAU,24,oracle,0.7371115361421738
ft_transformer,CAU,24,random,0.7386647348005899
ft_transformer,CAU,25,policy,0.7396054468790482
ft_transformer,CAU,25,oracle,0.7372283354421222
ft_transformer,CAU,25,random,0.7386370064953146
ft_transformer,CAU,26,policy,0.73960277370104
ft_transformer,CAU,26,oracle,0.7373465992834256
ft_transformer,CAU,26,random,0.7386092781900393
ft_transformer,CAU,27,policy,0.7396156392733048
ft_transformer,CAU,27,oracle,0.7374658906635193
ft_transformer,CAU,27,random,0.738581549884764
ft_transformer,CAU,28,policy,0.7396010397477375
ft_transformer,CAU,28,oracle,0.7376081355056796
ft_transformer,CAU,28,random,0.7385538215794886
ft_transformer,CAU,29,policy,0.7394850238221855
ft_transformer,CAU,29,oracle,0.737752936351807
ft_transformer,CAU,29,random,0.7385260932742133
ft_transformer,CAU,30,policy,0.7383346758524368
ft_transformer,CAU,30,oracle,0.7379107684564528
ft_transformer,CAU,30,random,0.738498364968938
ft_transformer,CAU,31,policy,0.7383682730038752
ft_transformer,CAU,31,oracle,0.7380750857270701
ft_transformer,CAU,31,random,0.7384706366636626
ft_transformer,CAU,32,policy,0.7384069853175561
ft_transformer,CAU,32,oracle,0.7382404413671414
ft_transformer,CAU,32,random,0.7384429083583873
ft_transformer,CAU,33,policy,0.738415180053112
ft_transformer,CAU,33,oracle,0.738415180053112
ft_transformer,CAU,33,random,0.7384151800531119
ft_transformer,ESB,0,policy,1.3305254897222838
ft_transformer,ESB,0,oracle,1.3305254897222838
ft_transformer,ESB,0,random,1.3305254897222838
ft_transformer,ESB,1,policy,1.3302854130503368
ft_transformer,ESB,1,oracle,1.3134656722636397
ft_transformer,ESB,1,random,1.3298970665047212
ft_transformer,ESB,2,policy,1.3295730255607867
ft_transformer,ESB,2,oracle,1.3126979283149056
ft_transformer,ESB,2,random,1.3292686432871583
ft_transformer,ESB,3,policy,1.329300368628765
ft_transformer,ESB,3,oracle,1.3119804220507103
ft_transformer,ESB,3,random,1.3286402200695957
ft_transformer,ESB,4,policy,1.3285326246800309
ft_transformer,ESB,4,oracle,1.3112680345611603
ft_transformer,ESB,4,random,1.3280117968520329
ft_transformer,ESB,5,policy,1.3282889572797862
ft_transformer,ESB,5,oracle,1.310647430582943
ft_transformer,ESB,5,random,1.3273833736344702
ft_transformer,ESB,6,policy,1.3284213951880746
ft_transformer,ESB,6,oracle,1.310033292342455
ft_transformer,ESB,6,random,1.3267549504169074
ft_transformer,ESB,7,policy,1.3113615777294305
ft_transformer,ESB,7,oracle,1.3094532994123604
ft_transformer,ESB,7,random,1.3261265271993448
ft_transformer,ESB,8,policy,1.310781584799336
ft_transformer,ESB,8,oracle,1.3091251379126434
ft_transformer,ESB,8,random,1.325498103981782
ft_transformer,ESB,9,policy,1.3100640785351407
ft_transformer,ESB,9,oracle,1.308852480980622
ft_transformer,ESB,9,random,1.3248696807642193
ft_transformer,ESB,10,policy,1.3099007581960536
ft_transformer,ESB,10,oracle,1.3086088135803773
ft_transformer,ESB,10,random,1.3242412575466567
ft_transformer,ESB,11,policy,1.309717544355222
ft_transformer,ESB,11,oracle,1.3083687369084303
ft_transformer,ESB,11,random,1.3236128343290938
ft_transformer,ESB,12,policy,1.3098106179111395
ft_transformer,ESB,12,oracle,1.3081429003279803
ft_transformer,ESB,12,random,1.3229844111115312
ft_transformer,ESB,13,policy,1.3099654743906688
ft_transformer,ESB,13,oracle,1.3079596864871488
ft_transformer,ESB,13,random,1.3223559878939684
ft_transformer,ESB,14,policy,1.3096373128909518
ft_transformer,ESB,14,oracle,1.3077963661480616
ft_transformer,ESB,14,random,1.3217275646764057
ft_transformer,ESB,15,policy,1.309804783880757
ft_transformer,ESB,15,oracle,1.307676682105431
ft_transformer,ESB,15,random,1.3210991414588429
ft_transformer,ESB,16,policy,1.309815830376691
ft_transformer,ESB,16,oracle,1.3076016292520152
ft_transformer,ESB,16,random,1.3204707182412803
ft_transformer,ESB,17,policy,1.309195226398474
ft_transformer,ESB,17,oracle,1.3075338874848759
ft_transformer,ESB,17,random,1.3198422950237176
ft_transformer,ESB,18,policy,1.3093417165533183
ft_transformer,ESB,18,oracle,1.3074971439769865
ft_transformer,ESB,18,random,1.3192138718061548
ft_transformer,ESB,19,policy,1.3093105305417527
ft_transformer,ESB,19,oracle,1.307465957965421
ft_transformer,ESB,19,random,1.3185854485885922
ft_transformer,ESB,20,policy,1.3093332742292378
ft_transformer,ESB,20,oracle,1.3074361751870585
ft_transformer,ESB,20,random,1.3179570253710293
ft_transformer,ESB,21,policy,1.3087191359887496
ft_transformer,ESB,21,oracle,1.307416379312813
ft_transformer,ESB,21,random,1.3173286021534667
ft_transformer,ESB,22,policy,1.3086993401145046
ft_transformer,ESB,22,oracle,1.3074274258087473
ft_transformer,ESB,22,random,1.3167001789359039
ft_transformer,ESB,23,policy,1.3089082453634358
ft_transformer,ESB,23,oracle,1.3074501694962324
ft_transformer,ESB,23,random,1.3160717557183412
ft_transformer,ESB,24,policy,1.3090597242464277
ft_transformer,ESB,24,oracle,1.3075432430521499
ft_transformer,ESB,24,random,1.3154433325007784
ft_transformer,ESB,25,policy,1.308940040203797
ft_transformer,ESB,25,oracle,1.3076411102664685
ft_transformer,ESB,25,random,1.3148149092832158
ft_transformer,ESB,26,policy,1.3089032966959078
ft_transformer,ESB,26,oracle,1.3077735481747566
ft_transformer,ESB,26,random,1.3141864860656531
ft_transformer,ESB,27,policy,1.308677460115458
ft_transformer,ESB,27,oracle,1.307920038329601
ft_transformer,ESB,27,random,1.3135580628480903
ft_transformer,ESB,28,policy,1.3086097183483185
ft_transformer,ESB,28,oracle,1.3080715172125927
ft_transformer,ESB,28,random,1.3129296396305277
ft_transformer,ESB,29,policy,1.3085346654949026
ft_transformer,ESB,29,oracle,1.308226373692122
ft_transformer,ESB,29,random,1.3123012164129648
ft_transformer,ESB,30,policy,1.3085048827165398
ft_transformer,ESB,30,oracle,1.3083938446819272
ft_transformer,ESB,30,random,1.3116727931954022
ft_transformer,ESB,31,policy,1.308703387858058
ft_transformer,ESB,31,oracle,1.3085923498234457
ft_transformer,ESB,31,random,1.3110443699778394
ft_transformer,ESB,32,policy,1.3088012550723767
ft_transformer,ESB,32,oracle,1.3088012550723767
ft_transformer,ESB,32,random,1.3104159467602767
ft_transformer,ESB,33,policy,1.3097875235427139
ft_transformer,ESB,33,oracle,1.3097875235427139
ft_transformer,ESB,33,random,1.3097875235427139
ft_transformer,NAU,0,policy,2.9600920866524785
ft_transformer,NAU,0,oracle,2.9600920866524785
ft_transformer,NAU,0,random,2.9600920866524785
ft_transformer,NAU,1,policy,2.958193855724115
ft_transformer,NAU,1,oracle,2.95609819253784
ft_transformer,NAU,1,random,2.959122913163691
ft_transformer,NAU,2,policy,2.954774138571202
ft_transformer,NAU,2,oracle,2.9526784753849262
ft_transformer,NAU,2,random,2.958153739674904
ft_transformer,NAU,3,policy,2.9540684918251157
ft_transformer,NAU,3,oracle,2.950070985307763
ft_transformer,NAU,3,random,2.9571845661861165
ft_transformer,NAU,4,policy,2.9500745977104765
ft_transformer,NAU,4,oracle,2.947532174230992
ft_transformer,NAU,4,random,2.9562153926973296
ft_transformer,NAU,5,policy,2.948685621642269
ft_transformer,NAU,5,oracle,2.9450625262165766
ft_transformer,NAU,5,random,2.9552462192085422
ft_transformer,NAU,6,policy,2.9478188418669387
ft_transformer,NAU,6,oracle,2.9431642952882133
ft_transformer,NAU,6,random,2.954277045719755
ft_transformer,NAU,7,policy,2.9467347814869855
ft_transformer,NAU,7,oracle,2.9412703125454414
ft_transformer,NAU,7,random,2.9533078722309676
ft_transformer,NAU,8,policy,2.944127291409822
ft_transformer,NAU,8,oracle,2.939603759452716
ft_transformer,NAU,8,random,2.9523386987421802
ft_transformer,NAU,9,policy,2.941588480333051
ft_transformer,NAU,9,oracle,2.9382147833845083
ft_transformer,NAU,9,random,2.951369525253393
ft_transformer,NAU,10,policy,2.9403822293725006
ft_transformer,NAU,10,oracle,2.9369242958638857
ft_transformer,NAU,10,random,2.950400351764606
ft_transformer,NAU,11,policy,2.9392781490567086
ft_transformer,NAU,11,oracle,2.9356508661088774
ft_transformer,NAU,11,random,2.9494311782758187
ft_transformer,NAU,12,policy,2.9373841663139366
ft_transformer,NAU,12,oracle,2.9344039441649814
ft_transformer,NAU,12,random,2.9484620047870314
ft_transformer,NAU,13,policy,2.937699138619932
ft_transformer,NAU,13,oracle,2.933197693204431
ft_transformer,NAU,13,random,2.947492831298244
ft_transformer,NAU,14,policy,2.9352294906055163
ft_transformer,NAU,14,oracle,2.932093612888639
ft_transformer,NAU,14,random,2.9465236578094567
ft_transformer,NAU,15,policy,2.935658722399669
ft_transformer,NAU,15,oracle,2.931009552508686
ft_transformer,NAU,15,random,2.9455544843206694
ft_transformer,NAU,16,policy,2.9361079930013503
ft_transformer,NAU,16,oracle,2.9299837385100878
ft_transformer,NAU,16,random,2.944585310831882
ft_transformer,NAU,17,policy,2.9348610710574543
ft_transformer,NAU,17,oracle,2.9290635511668373
ft_transformer,NAU,17,random,2.943616137343095
ft_transformer,NAU,18,policy,2.933835257058856
ft_transformer,NAU,18,oracle,2.9281967713915065
ft_transformer,NAU,18,random,2.942646963854308
ft_transformer,NAU,19,policy,2.934296913966614
ft_transformer,NAU,19,oracle,2.9273530947377315
ft_transformer,NAU,19,random,2.9416777903655205
ft_transformer,NAU,20,policy,2.932630360873889
ft_transformer,NAU,20,oracle,2.926647447991645
ft_transformer,NAU,20,random,2.940708616876733
ft_transformer,NAU,21,policy,2.9331671144023086
ft_transformer,NAU,21,oracle,2.9259483902681085
ft_transformer,NAU,21,random,2.939739443387946
ft_transformer,NAU,22,policy,2.9335904890591573
ft_transformer,NAU,22,oracle,2.925262994651635
ft_transformer,NAU,22,random,2.9387702698991585
ft_transformer,NAU,23,policy,2.933979315194714
ft_transformer,NAU,23,oracle,2.924654283119967
ft_transformer,NAU,23,random,2.9378010964103716
ft_transformer,NAU,24,policy,2.932705885439706
ft_transformer,NAU,24,oracle,2.9243570546246866
ft_transformer,NAU,24,random,2.9368319229215842
ft_transformer,NAU,25,policy,2.932097173908038
ft_transformer,NAU,25,oracle,2.924632682321961
ft_transformer,NAU,25,random,2.935862749432797
ft_transformer,NAU,26,policy,2.9325697671781636
ft_transformer,NAU,26,oracle,2.9249476546279563
ft_transformer,NAU,26,random,2.9348935759440096
ft_transformer,NAU,27,policy,2.9317260905243883
ft_transformer,NAU,27,oracle,2.925336480763514
ft_transformer,NAU,27,random,2.9339244024552222
ft_transformer,NAU,28,policy,2.9308059031811378
ft_transformer,NAU,28,oracle,2.9257598554203628
ft_transformer,NAU,28,random,2.932955228966435
ft_transformer,NAU,29,policy,2.930106845457601
ft_transformer,NAU,29,oracle,2.9261890872145147
ft_transformer,NAU,29,random,2.931986055477648
ft_transformer,NAU,30,policy,2.9294214498411275
ft_transformer,NAU,30,oracle,2.9266383578161954
ft_transformer,NAU,30,random,2.9310168819888607
ft_transformer,NAU,31,policy,2.928130962320505
ft_transformer,NAU,31,oracle,2.9271000147239543
ft_transformer,NAU,31,random,2.9300477085000733
ft_transformer,NAU,32,policy,2.927833733825225
ft_transformer,NAU,32,oracle,2.9275726079940796
ft_transformer,NAU,32,random,2.929078535011286
ft_transformer,NAU,33,policy,2.9281093615224987
ft_transformer,NAU,33,oracle,2.9281093615224987
ft_transformer,NAU,33,random,2.9281093615224987
ft_transformer,NEN,0,policy,1.3416864907040313
ft_transformer,NEN,0,oracle,1.3416864907040313
ft_transformer,NEN,0,random,1.3416864907040313
ft_transformer,NEN,1,policy,1.3414109763614632
ft_transformer,NEN,1,oracle,1.3412016678692253
ft_transformer,NEN,1,random,1.3416494843062137
ft_transformer,NEN,2,policy,1.341210072584543
ft_transformer,NEN,2,oracle,1.3408878765075034
ft_transformer,NEN,2,random,1.3416124779083958
ft_transformer,NEN,3,policy,1.34104902083436
ft_transformer,NEN,3,oracle,1.3405913632679607
ft_transformer,NEN,3,random,1.341575471510578
ft_transformer,NEN,4,policy,1.3407776318556908
ft_transformer,NEN,4,oracle,1.3403158489253926
ft_transformer,NEN,4,random,1.3415384651127604
ft_transformer,NEN,5,policy,1.3405039526137013
ft_transformer,NEN,5,oracle,1.340042169683403
ft_transformer,NEN,5,random,1.3415014587149425
ft_transformer,NEN,6,policy,1.340295444729069
ft_transformer,NEN,6,oracle,1.3397707807047339
ft_transformer,NEN,6,random,1.3414644523171249
ft_transformer,NEN,7,policy,1.3400519362745438
ft_transformer,NEN,7,oracle,1.3395272722502087
ft_transformer,NEN,7,random,1.3414274459193072
ft_transformer,NEN,8,policy,1.3399546362074513
ft_transformer,NEN,8,oracle,1.3393029673285095
ft_transformer,NEN,8,random,1.3413904395214893
ft_transformer,NEN,9,policy,1.3397489207101165
ft_transformer,NEN,9,oracle,1.339094459443877
ft_transformer,NEN,9,random,1.3413534331236716
ft_transformer,NEN,10,policy,1.3396491136355408
ft_transformer,NEN,10,oracle,1.3388887439465422
ft_transformer,NEN,10,random,1.341316426725854
ft_transformer,NEN,11,policy,1.3393526003959981
ft_transformer,NEN,11,oracle,1.338687840169622
ft_transformer,NEN,11,random,1.3412794203280363
ft_transformer,NEN,12,policy,1.339038809034276
ft_transformer,NEN,12,oracle,1.3385073898168665
ft_transformer,NEN,12,random,1.3412424139302184
ft_transformer,NEN,13,policy,1.3389439762382371
ft_transformer,NEN,13,oracle,1.3383463380666833
ft_transformer,NEN,13,random,1.3412054075324007
ft_transformer,NEN,14,policy,1.338924888302298
ft_transformer,NEN,14,oracle,1.3382334432570762
ft_transformer,NEN,14,random,1.341168401134583
ft_transformer,NEN,15,policy,1.3388689538586798
ft_transformer,NEN,15,oracle,1.3381336361825005
ft_transformer,NEN,15,random,1.3411313947367651
ft_transformer,NEN,16,policy,1.3388571557514168
ft_transformer,NEN,16,oracle,1.338036336115408
ft_transformer,NEN,16,random,1.3410943883389475
ft_transformer,NEN,17,policy,1.3388768926448789
ft_transformer,NEN,17,oracle,1.337941503319369
ft_transformer,NEN,17,random,1.3410573819411298
ft_transformer,NEN,18,policy,1.338910650796148
ft_transformer,NEN,18,oracle,1.3378686736682588
ft_transformer,NEN,18,random,1.3410203755433119
ft_transformer,NEN,19,policy,1.338944976377969
ft_transformer,NEN,19,oracle,1.3378127392246406
ft_transformer,NEN,19,random,1.3409833691454942
ft_transformer,NEN,20,policy,1.3388320815683616
ft_transformer,NEN,20,oracle,1.3377721141437227
ft_transformer,NEN,20,random,1.3409463627476765
ft_transformer,NEN,21,policy,1.3383472587335556
ft_transformer,NEN,21,oracle,1.3377530262077837
ft_transformer,NEN,21,random,1.3409093563498586
ft_transformer,NEN,22,policy,1.338366217614637
ft_transformer,NEN,22,oracle,1.337741228100521
ft_transformer,NEN,22,random,1.340872349952041
ft_transformer,NEN,23,policy,1.338398841223544
ft_transformer,NEN,23,oracle,1.3377372113211976
ft_transformer,NEN,23,random,1.3408353435542233
ft_transformer,NEN,24,policy,1.3384241625728597
ft_transformer,NEN,24,oracle,1.3377544890183886
ft_transformer,NEN,24,random,1.3407983371564054
ft_transformer,NEN,25,policy,1.3381998576511602
ft_transformer,NEN,25,oracle,1.3377734478994698
ft_transformer,NEN,25,random,1.3407613307585877
ft_transformer,NEN,26,policy,1.3381592325702425
ft_transformer,NEN,26,oracle,1.3377931847929319
ft_transformer,NEN,26,random,1.34072432436077
ft_transformer,NEN,27,policy,1.3381765102674334
ft_transformer,NEN,27,oracle,1.3378185061422474
ft_transformer,NEN,27,random,1.3406873179629524
ft_transformer,NEN,28,policy,1.33817249348811
ft_transformer,NEN,28,oracle,1.3378511297511544
ft_transformer,NEN,28,random,1.3406503115651345
ft_transformer,NEN,29,policy,1.3382129322115466
ft_transformer,NEN,29,oracle,1.3378848879024237
ft_transformer,NEN,29,random,1.3406133051673168
ft_transformer,NEN,30,policy,1.338692649269274
ft_transformer,NEN,30,oracle,1.3379192134842446
ft_transformer,NEN,30,random,1.3405762987694991
ft_transformer,NEN,31,policy,1.3385121989165185
ft_transformer,NEN,31,oracle,1.337959652207681
ft_transformer,NEN,31,random,1.3405392923716812
ft_transformer,NEN,32,policy,1.3384393692654084
ft_transformer,NEN,32,oracle,1.3384393692654084
ft_transformer,NEN,32,random,1.3405022859738636
ft_transformer,NEN,33,policy,1.340465279576046
ft_transformer,NEN,33,oracle,1.340465279576046
ft_transformer,NEN,33,random,1.3404652795760459
ft_transformer,RFE,0,policy,1.7239968200671099
ft_transformer,RFE,0,oracle,1.7239968200671099
ft_transformer,RFE,0,random,1.7239968200671099
ft_transformer,RFE,1,policy,1.7230209800476526
ft_transformer,RFE,1,oracle,1.7089336462239573
ft_transformer,RFE,1,random,1.723237362486476
ft_transformer,RFE,2,policy,1.7223003309930964
ft_transformer,RFE,2,oracle,1.7073177787537073
ft_transformer,RFE,2,random,1.7224779049058425
ft_transformer,RFE,3,policy,1.7206844635228464
ft_transformer,RFE,3,oracle,1.7059776569662477
ft_transformer,RFE,3,random,1.7217184473252087
ft_transformer,RFE,4,policy,1.7207468569425166
ft_transformer,RFE,4,oracle,1.7046527941142995
ft_transformer,RFE,4,random,1.720958989744575
ft_transformer,RFE,5,policy,1.720541759166046
ft_transformer,RFE,5,oracle,1.7036769540948422
ft_transformer,RFE,5,random,1.7201995321639412
ft_transformer,RFE,6,policy,1.7205703621707327
ft_transformer,RFE,6,oracle,1.702952912994138
ft_transformer,RFE,6,random,1.7194400745833076
ft_transformer,RFE,7,policy,1.7202820201861284
ft_transformer,RFE,7,oracle,1.7022322639395817
ft_transformer,RFE,7,random,1.7186806170026738
ft_transformer,RFE,8,policy,1.7201018516007844
ft_transformer,RFE,8,oracle,1.7017198265526357
ft_transformer,RFE,8,random,1.71792115942204
ft_transformer,RFE,9,policy,1.7202038730782236
ft_transformer,RFE,9,oracle,1.7012357555579984
ft_transformer,RFE,9,random,1.7171617018414065
ft_transformer,RFE,10,policy,1.7194798319775195
ft_transformer,RFE,10,oracle,1.7008638323378504
ft_transformer,RFE,10,random,1.7164022442607727
ft_transformer,RFE,11,policy,1.719643741138249
ft_transformer,RFE,11,oracle,1.7005023268965989
ft_transformer,RFE,11,random,1.715642786680139
ft_transformer,RFE,12,policy,1.7183036193507895
ft_transformer,RFE,12,oracle,1.700182946269186
ft_transformer,RFE,12,random,1.7148833290995054
ft_transformer,RFE,13,policy,1.7169787564988415
ft_transformer,RFE,13,oracle,1.6998755258678122
ft_transformer,RFE,13,random,1.7141238715188716
ft_transformer,RFE,14,policy,1.7019155826556889
ft_transformer,RFE,14,oracle,1.6995702236524672
ft_transformer,RFE,14,random,1.7133644139382378
ft_transformer,RFE,15,policy,1.701803500636692
ft_transformer,RFE,15,oracle,1.699265352484635
ft_transformer,RFE,15,random,1.712604956357604
ft_transformer,RFE,16,policy,1.7016488609013258
ft_transformer,RFE,16,oracle,1.6989691607489341
ft_transformer,RFE,16,random,1.7118454987769705
ft_transformer,RFE,17,policy,1.701749202611503
ft_transformer,RFE,17,oracle,1.6986808187643296
ft_transformer,RFE,17,random,1.7110860411963367
ft_transformer,RFE,18,policy,1.7017093036235307
ft_transformer,RFE,18,oracle,1.6983985988259998
ft_transformer,RFE,18,random,1.7103265836157029
ft_transformer,RFE,19,policy,1.701516202636472
ft_transformer,RFE,19,oracle,1.6981871883757869
ft_transformer,RFE,19,random,1.7095671260350693
ft_transformer,RFE,20,policy,1.701220010900771
ft_transformer,RFE,20,oracle,1.6979820905993162
ft_transformer,RFE,20,random,1.7088076684544355
ft_transformer,RFE,21,policy,1.7009125904993967
ft_transformer,RFE,21,oracle,1.6977889896122575
ft_transformer,RFE,21,random,1.7080482108738018
ft_transformer,RFE,22,policy,1.7006303705610673
ft_transformer,RFE,22,oracle,1.6976088210269138
ft_transformer,RFE,22,random,1.707288753293168
ft_transformer,RFE,23,policy,1.7003250683457223
ft_transformer,RFE,23,oracle,1.6974541812915473
ft_transformer,RFE,23,random,1.7065292957125344
ft_transformer,RFE,24,policy,1.699812630958776
ft_transformer,RFE,24,oracle,1.6973420992725505
ft_transformer,RFE,24,random,1.7057698381319006
ft_transformer,RFE,25,policy,1.699601220508563
ft_transformer,RFE,25,oracle,1.6972881444256194
ft_transformer,RFE,25,random,1.7050103805512669
ft_transformer,RFE,26,policy,1.6992818398811502
ft_transformer,RFE,26,oracle,1.697248245437647
ft_transformer,RFE,26,random,1.7042509229706333
ft_transformer,RFE,27,policy,1.698797768886513
ft_transformer,RFE,27,oracle,1.697269833156264
ft_transformer,RFE,27,random,1.7034914653899995
ft_transformer,RFE,28,policy,1.6987438140395819
ft_transformer,RFE,28,oracle,1.6972984361609507
ft_transformer,RFE,28,random,1.7027320078093657
ft_transformer,RFE,29,policy,1.6987654017581986
ft_transformer,RFE,29,oracle,1.6973608295806208
ft_transformer,RFE,29,random,1.7019725502287322
ft_transformer,RFE,30,policy,1.6984605305903666
ft_transformer,RFE,30,oracle,1.6974611712907983
ft_transformer,RFE,30,random,1.7012130926480984
ft_transformer,RFE,31,policy,1.698099025149115
ft_transformer,RFE,31,oracle,1.6975631927682375
ft_transformer,RFE,31,random,1.7004536350674646
ft_transformer,RFE,32,policy,1.6977271019289673
ft_transformer,RFE,32,oracle,1.6977271019289673
ft_transformer,RFE,32,random,1.6996941774868308
ft_transformer,RFE,33,policy,1.698934719906197
ft_transformer,RFE,33,oracle,1.698934719906197
ft_transformer,RFE,33,random,1.6989347199061973
tabdpt_v1_2,CAU,0,policy,0.7377423102663543
tabdpt_v1_2,CAU,0,oracle,0.7377423102663543
tabdpt_v1_2,CAU,0,random,0.7377423102663543
tabdpt_v1_2,CAU,1,policy,0.7377230507412864
tabdpt_v1_2,CAU,1,oracle,0.7374921712466483
tabdpt_v1_2,CAU,1,random,0.7377627002598924
tabdpt_v1_2,CAU,2,policy,0.7377195250362379
tabdpt_v1_2,CAU,2,oracle,0.7372457150715088
tabdpt_v1_2,CAU,2,random,0.7377830902534305
tabdpt_v1_2,CAU,3,policy,0.7374730688610984
tabdpt_v1_2,CAU,3,oracle,0.7371132446515962
tabdpt_v1_2,CAU,3,random,0.7378034802469686
tabdpt_v1_2,CAU,4,policy,0.7374748588066431
tabdpt_v1_2,CAU,4,oracle,0.7369972287260443
tabdpt_v1_2,CAU,4,random,0.7378238702405068
tabdpt_v1_2,CAU,5,policy,0.7374570117310363
tabdpt_v1_2,CAU,5,oracle,0.7369407632592271
tabdpt_v1_2,CAU,5,random,0.7378442602340448
tabdpt_v1_2,CAU,6,policy,0.7374444640502104
tabdpt_v1_2,CAU,6,oracle,0.7368973927522469
tabdpt_v1_2,CAU,6,random,0.737864650227583
tabdpt_v1_2,CAU,7,policy,0.7371943250305043
tabdpt_v1_2,CAU,7,oracle,0.736878133227179
tabdpt_v1_2,CAU,7,random,0.737885040221121
tabdpt_v1_2,CAU,8,policy,0.7371509545235241
tabdpt_v1_2,CAU,8,oracle,0.7368602861515722
tabdpt_v1_2,CAU,8,random,0.7379054302146592
tabdpt_v1_2,CAU,9,policy,0.7371603810884054
tabdpt_v1_2,CAU,9,oracle,0.7368456866260049
tabdpt_v1_2,CAU,9,random,0.7379258202081973
tabdpt_v1_2,CAU,10,policy,0.7371939782398438
tabdpt_v1_2,CAU,10,oracle,0.736833138945179
tabdpt_v1_2,CAU,10,random,0.7379462102017353
tabdpt_v1_2,CAU,11,policy,0.7371793787142765
tabdpt_v1_2,CAU,11,oracle,0.7368227207757528
tabdpt_v1_2,CAU,11,random,0.7379666001952735
tabdpt_v1_2,CAU,12,policy,0.737213270276536
tabdpt_v1_2,CAU,12,oracle,0.7368191950707043
tabdpt_v1_2,CAU,12,random,0.7379869901888116
tabdpt_v1_2,CAU,13,policy,0.7372261358488008
tabdpt_v1_2,CAU,13,oracle,0.7368165218926962
tabdpt_v1_2,CAU,13,random,0.7380073801823497
tabdpt_v1_2,CAU,14,policy,0.7372784867889272
tabdpt_v1_2,CAU,14,oracle,0.7368183118382408
tabdpt_v1_2,CAU,14,random,0.7380277701758878
tabdpt_v1_2,CAU,15,policy,0.7372866815244831
tabdpt_v1_2,CAU,15,oracle,0.7368265065737968
tabdpt_v1_2,CAU,15,random,0.7380481601694259
tabdpt_v1_2,CAU,16,policy,0.7374445136291288
tabdpt_v1_2,CAU,16,oracle,0.7368356856890922
tabdpt_v1_2,CAU,16,random,0.738068550162964
tabdpt_v1_2,CAU,17,policy,0.7373880481623115
tabdpt_v1_2,CAU,17,oracle,0.7368451122539734
tabdpt_v1_2,CAU,17,random,0.7380889401565022
tabdpt_v1_2,CAU,18,policy,0.7372720322367596
tabdpt_v1_2,CAU,18,oracle,0.7368579778262382
tabdpt_v1_2,CAU,18,random,0.7381093301500402
tabdpt_v1_2,CAU,19,policy,0.737281211352055
tabdpt_v1_2,CAU,19,oracle,0.7368834315290774
tabdpt_v1_2,CAU,19,random,0.7381297201435784
tabdpt_v1_2,CAU,20,policy,0.7372707931826289
tabdpt_v1_2,CAU,20,oracle,0.7369121392934428
tabdpt_v1_2,CAU,20,random,0.7381501101371165
tabdpt_v1_2,CAU,21,policy,0.7372681200046207
tabdpt_v1_2,CAU,21,oracle,0.7369457364448813
tabdpt_v1_2,CAU,21,random,0.7381705001306545
tabdpt_v1_2,CAU,22,policy,0.7371356495847081
tabdpt_v1_2,CAU,22,oracle,0.7369796280071408
tabdpt_v1_2,CAU,22,random,0.7381908901241927
tabdpt_v1_2,CAU,23,policy,0.7371643573490736
tabdpt_v1_2,CAU,23,oracle,0.7370319789472671
tabdpt_v1_2,CAU,23,random,0.7382112801177307
tabdpt_v1_2,CAU,24,policy,0.737329712989145
tabdpt_v1_2,CAU,24,oracle,0.7371115361421738
tabdpt_v1_2,CAU,24,random,0.7382316701112689
tabdpt_v1_2,CAU,25,policy,0.7374092701840516
tabdpt_v1_2,CAU,25,oracle,0.7372283354421222
tabdpt_v1_2,CAU,25,random,0.738252060104807
tabdpt_v1_2,CAU,26,policy,0.7375285615641453
tabdpt_v1_2,CAU,26,oracle,0.7373465992834256
tabdpt_v1_2,CAU,26,random,0.7382724500983451
tabdpt_v1_2,CAU,27,policy,0.7376453608640936
tabdpt_v1_2,CAU,27,oracle,0.7374658906635193
tabdpt_v1_2,CAU,27,random,0.7382928400918832
tabdpt_v1_2,CAU,28,policy,0.7377636247053971
tabdpt_v1_2,CAU,28,oracle,0.7376081355056796
tabdpt_v1_2,CAU,28,random,0.7383132300854214
tabdpt_v1_2,CAU,29,policy,0.7379058695475574
tabdpt_v1_2,CAU,29,oracle,0.737752936351807
tabdpt_v1_2,CAU,29,random,0.7383336200789594
tabdpt_v1_2,CAU,30,policy,0.7379313232503966
tabdpt_v1_2,CAU,30,oracle,0.7379107684564528
tabdpt_v1_2,CAU,30,random,0.7383540100724976
tabdpt_v1_2,CAU,31,policy,0.738095640521014
tabdpt_v1_2,CAU,31,oracle,0.7380750857270701
tabdpt_v1_2,CAU,31,random,0.7383744000660356
tabdpt_v1_2,CAU,32,policy,0.7382703792069846
tabdpt_v1_2,CAU,32,oracle,0.7382404413671414
tabdpt_v1_2,CAU,32,random,0.7383947900595738
tabdpt_v1_2,CAU,33,policy,0.738415180053112
tabdpt_v1_2,CAU,33,oracle,0.738415180053112
tabdpt_v1_2,CAU,33,random,0.7384151800531119
tabdpt_v1_2,ESB,0,policy,1.3305254897222838
tabdpt_v1_2,ESB,0,oracle,1.3305254897222838
tabdpt_v1_2,ESB,0,random,1.3305254897222838
tabdpt_v1_2,ESB,1,policy,1.3298131022327337
tabdpt_v1_2,ESB,1,oracle,1.3134656722636397
tabdpt_v1_2,ESB,1,random,1.3298970665047212
tabdpt_v1_2,ESB,2,policy,1.3290453582839996
tabdpt_v1_2,ESB,2,oracle,1.3126979283149056
tabdpt_v1_2,ESB,2,random,1.3292686432871583
tabdpt_v1_2,ESB,3,policy,1.3288052816120524
tabdpt_v1_2,ESB,3,oracle,1.3119804220507103
tabdpt_v1_2,ESB,3,random,1.3286402200695957
tabdpt_v1_2,ESB,4,policy,1.328087775347857
tabdpt_v1_2,ESB,4,oracle,1.3112680345611603
tabdpt_v1_2,ESB,4,random,1.3280117968520329
tabdpt_v1_2,ESB,5,policy,1.3278441079476127
tabdpt_v1_2,ESB,5,oracle,1.310647430582943
tabdpt_v1_2,ESB,5,random,1.3273833736344702
tabdpt_v1_2,ESB,6,policy,1.3272641150175182
tabdpt_v1_2,ESB,6,oracle,1.310033292342455
tabdpt_v1_2,ESB,6,random,1.3267549504169074
tabdpt_v1_2,ESB,7,policy,1.3273571885734357
tabdpt_v1_2,ESB,7,oracle,1.3094532994123604
tabdpt_v1_2,ESB,7,random,1.3261265271993448
tabdpt_v1_2,ESB,8,policy,1.327489626481724
tabdpt_v1_2,ESB,8,oracle,1.3091251379126434
tabdpt_v1_2,ESB,8,random,1.325498103981782
tabdpt_v1_2,ESB,9,policy,1.3272169695497023
tabdpt_v1_2,ESB,9,oracle,1.308852480980622
tabdpt_v1_2,ESB,9,random,1.3248696807642193
tabdpt_v1_2,ESB,10,policy,1.3273718260292315
tabdpt_v1_2,ESB,10,oracle,1.3086088135803773
tabdpt_v1_2,ESB,10,random,1.3242412575466567
tabdpt_v1_2,ESB,11,policy,1.3275392970190367
tabdpt_v1_2,ESB,11,oracle,1.3083687369084303
tabdpt_v1_2,ESB,11,random,1.3236128343290938
tabdpt_v1_2,ESB,12,policy,1.3104794795603927
tabdpt_v1_2,ESB,12,oracle,1.3081429003279803
tabdpt_v1_2,ESB,12,random,1.3229844111115312
tabdpt_v1_2,ESB,13,policy,1.3103161592213053
tabdpt_v1_2,ESB,13,oracle,1.3079596864871488
tabdpt_v1_2,ESB,13,random,1.3223559878939684
tabdpt_v1_2,ESB,14,policy,1.3103389029087906
tabdpt_v1_2,ESB,14,oracle,1.3077963661480616
tabdpt_v1_2,ESB,14,random,1.3217275646764057
tabdpt_v1_2,ESB,15,policy,1.3097182989305733
tabdpt_v1_2,ESB,15,oracle,1.307676682105431
tabdpt_v1_2,ESB,15,random,1.3210991414588429
tabdpt_v1_2,ESB,16,policy,1.3093901374308565
tabdpt_v1_2,ESB,16,oracle,1.3076016292520152
tabdpt_v1_2,ESB,16,random,1.3204707182412803
tabdpt_v1_2,ESB,17,policy,1.3095366275857008
tabdpt_v1_2,ESB,17,oracle,1.3075338874848759
tabdpt_v1_2,ESB,17,random,1.3198422950237176
tabdpt_v1_2,ESB,18,policy,1.3105228960560382
tabdpt_v1_2,ESB,18,oracle,1.3074971439769865
tabdpt_v1_2,ESB,18,random,1.3192138718061548
tabdpt_v1_2,ESB,19,policy,1.3107318013049691
tabdpt_v1_2,ESB,19,oracle,1.307465957965421
tabdpt_v1_2,ESB,19,random,1.3185854485885922
tabdpt_v1_2,ESB,20,policy,1.3107428478009033
tabdpt_v1_2,ESB,20,oracle,1.3074361751870585
tabdpt_v1_2,ESB,20,random,1.3179570253710293
tabdpt_v1_2,ESB,21,policy,1.3105596339600718
tabdpt_v1_2,ESB,21,oracle,1.307416379312813
tabdpt_v1_2,ESB,21,random,1.3173286021534667
tabdpt_v1_2,ESB,22,policy,1.3107111128430637
tabdpt_v1_2,ESB,22,oracle,1.3074274258087473
tabdpt_v1_2,ESB,22,random,1.3167001789359039
tabdpt_v1_2,ESB,23,policy,1.310909617984582
tabdpt_v1_2,ESB,23,oracle,1.3074501694962324
tabdpt_v1_2,ESB,23,random,1.3160717557183412
tabdpt_v1_2,ESB,24,policy,1.3106837814041323
tabdpt_v1_2,ESB,24,oracle,1.3075432430521499
tabdpt_v1_2,ESB,24,random,1.3154433325007784
tabdpt_v1_2,ESB,25,policy,1.310647037896243
tabdpt_v1_2,ESB,25,oracle,1.3076411102664685
tabdpt_v1_2,ESB,25,random,1.3148149092832158
tabdpt_v1_2,ESB,26,policy,1.3100328996557549
tabdpt_v1_2,ESB,26,oracle,1.3077735481747566
tabdpt_v1_2,ESB,26,random,1.3141864860656531
tabdpt_v1_2,ESB,27,policy,1.3099132156131243
tabdpt_v1_2,ESB,27,oracle,1.307920038329601
tabdpt_v1_2,ESB,27,random,1.3135580628480903
tabdpt_v1_2,ESB,28,policy,1.3100110828274427
tabdpt_v1_2,ESB,28,oracle,1.3080715172125927
tabdpt_v1_2,ESB,28,random,1.3129296396305277
tabdpt_v1_2,ESB,29,policy,1.30998130004908
tabdpt_v1_2,ESB,29,oracle,1.308226373692122
tabdpt_v1_2,ESB,29,random,1.3123012164129648
tabdpt_v1_2,ESB,30,policy,1.3099135582819408
tabdpt_v1_2,ESB,30,oracle,1.3083938446819272
tabdpt_v1_2,ESB,30,random,1.3116727931954022
tabdpt_v1_2,ESB,31,policy,1.3098937624076954
tabdpt_v1_2,ESB,31,oracle,1.3085923498234457
tabdpt_v1_2,ESB,31,random,1.3110443699778394
tabdpt_v1_2,ESB,32,policy,1.30986257639613
tabdpt_v1_2,ESB,32,oracle,1.3088012550723767
tabdpt_v1_2,ESB,32,random,1.3104159467602767
tabdpt_v1_2,ESB,33,policy,1.3097875235427139
tabdpt_v1_2,ESB,33,oracle,1.3097875235427139
tabdpt_v1_2,ESB,33,random,1.3097875235427139
tabdpt_v1_2,NAU,0,policy,2.9600920866524785
tabdpt_v1_2,NAU,0,oracle,2.9600920866524785
tabdpt_v1_2,NAU,0,random,2.9600920866524785
tabdpt_v1_2,NAU,1,policy,2.95609819253784
tabdpt_v1_2,NAU,1,oracle,2.95609819253784
tabdpt_v1_2,NAU,1,random,2.959122913163691
tabdpt_v1_2,NAU,2,policy,2.9536285445234243
tabdpt_v1_2,NAU,2,oracle,2.9526784753849262
tabdpt_v1_2,NAU,2,random,2.958153739674904
tabdpt_v1_2,NAU,3,policy,2.951021054446261
tabdpt_v1_2,NAU,3,oracle,2.950070985307763
tabdpt_v1_2,NAU,3,random,2.9571845661861165
tabdpt_v1_2,NAU,4,policy,2.9476013372933476
tabdpt_v1_2,NAU,4,oracle,2.947532174230992
tabdpt_v1_2,NAU,4,random,2.9562153926973296
tabdpt_v1_2,NAU,5,policy,2.9457031063649843
tabdpt_v1_2,NAU,5,oracle,2.9450625262165766
tabdpt_v1_2,NAU,5,random,2.9552462192085422
tabdpt_v1_2,NAU,6,policy,2.9431642952882133
tabdpt_v1_2,NAU,6,oracle,2.9431642952882133
tabdpt_v1_2,NAU,6,random,2.954277045719755
tabdpt_v1_2,NAU,7,policy,2.941775319220006
tabdpt_v1_2,NAU,7,oracle,2.9412703125454414
tabdpt_v1_2,NAU,7,random,2.9533078722309676
tabdpt_v1_2,NAU,8,policy,2.9406912588400527
tabdpt_v1_2,NAU,8,oracle,2.939603759452716
tabdpt_v1_2,NAU,8,random,2.9523386987421802
tabdpt_v1_2,NAU,9,policy,2.9409668865373266
tabdpt_v1_2,NAU,9,oracle,2.9382147833845083
tabdpt_v1_2,NAU,9,random,2.951369525253393
tabdpt_v1_2,NAU,10,policy,2.9403581750056587
tabdpt_v1_2,NAU,10,oracle,2.9369242958638857
tabdpt_v1_2,NAU,10,random,2.950400351764606
tabdpt_v1_2,NAU,11,policy,2.93908474525065
tabdpt_v1_2,NAU,11,oracle,2.9356508661088774
tabdpt_v1_2,NAU,11,random,2.9494311782758187
tabdpt_v1_2,NAU,12,policy,2.9383790985045635
tabdpt_v1_2,NAU,12,oracle,2.9344039441649814
tabdpt_v1_2,NAU,12,random,2.9484620047870314
tabdpt_v1_2,NAU,13,policy,2.9364851157617915
tabdpt_v1_2,NAU,13,oracle,2.933197693204431
tabdpt_v1_2,NAU,13,random,2.947492831298244
tabdpt_v1_2,NAU,14,policy,2.935618335986461
tabdpt_v1_2,NAU,14,oracle,2.932093612888639
tabdpt_v1_2,NAU,14,random,2.9465236578094567
tabdpt_v1_2,NAU,15,policy,2.9343278484658386
tabdpt_v1_2,NAU,15,oracle,2.931009552508686
tabdpt_v1_2,NAU,15,random,2.9455544843206694
tabdpt_v1_2,NAU,16,policy,2.9326612953731135
tabdpt_v1_2,NAU,16,oracle,2.9299837385100878
tabdpt_v1_2,NAU,16,random,2.944585310831882
tabdpt_v1_2,NAU,17,policy,2.931557215057321
tabdpt_v1_2,NAU,17,oracle,2.9290635511668373
tabdpt_v1_2,NAU,17,random,2.943616137343095
tabdpt_v1_2,NAU,18,policy,2.9303102931134255
tabdpt_v1_2,NAU,18,oracle,2.9281967713915065
tabdpt_v1_2,NAU,18,random,2.942646963854308
tabdpt_v1_2,NAU,19,policy,2.9300130646181453
tabdpt_v1_2,NAU,19,oracle,2.9273530947377315
tabdpt_v1_2,NAU,19,random,2.9416777903655205
tabdpt_v1_2,NAU,20,policy,2.9293140068946086
tabdpt_v1_2,NAU,20,oracle,2.926647447991645
tabdpt_v1_2,NAU,20,random,2.940708616876733
tabdpt_v1_2,NAU,21,policy,2.928288192896011
tabdpt_v1_2,NAU,21,oracle,2.9259483902681085
tabdpt_v1_2,NAU,21,random,2.939739443387946
tabdpt_v1_2,NAU,22,policy,2.9276027972795373
tabdpt_v1_2,NAU,22,oracle,2.925262994651635
tabdpt_v1_2,NAU,22,random,2.9387702698991585
tabdpt_v1_2,NAU,23,policy,2.9266826099362864
tabdpt_v1_2,NAU,23,oracle,2.924654283119967
tabdpt_v1_2,NAU,23,random,2.9378010964103716
tabdpt_v1_2,NAU,24,policy,2.926997582242282
tabdpt_v1_2,NAU,24,oracle,2.9243570546246866
tabdpt_v1_2,NAU,24,random,2.9368319229215842
tabdpt_v1_2,NAU,25,policy,2.9261539055885066
tabdpt_v1_2,NAU,25,oracle,2.924632682321961
tabdpt_v1_2,NAU,25,random,2.935862749432797
tabdpt_v1_2,NAU,26,policy,2.926615562496265
tabdpt_v1_2,NAU,26,oracle,2.9249476546279563
tabdpt_v1_2,NAU,26,random,2.9348935759440096
tabdpt_v1_2,NAU,27,policy,2.927152316024684
tabdpt_v1_2,NAU,27,oracle,2.925336480763514
tabdpt_v1_2,NAU,27,random,2.9339244024552222
tabdpt_v1_2,NAU,28,policy,2.925946065064134
tabdpt_v1_2,NAU,28,oracle,2.9257598554203628
tabdpt_v1_2,NAU,28,random,2.932955228966435
tabdpt_v1_2,NAU,29,policy,2.92641865833426
tabdpt_v1_2,NAU,29,oracle,2.9261890872145147
tabdpt_v1_2,NAU,29,random,2.931986055477648
tabdpt_v1_2,NAU,30,policy,2.9268420329911082
tabdpt_v1_2,NAU,30,oracle,2.9266383578161954
tabdpt_v1_2,NAU,30,random,2.9310168819888607
tabdpt_v1_2,NAU,31,policy,2.92727126478526
tabdpt_v1_2,NAU,31,oracle,2.9271000147239543
tabdpt_v1_2,NAU,31,random,2.9300477085000733
tabdpt_v1_2,NAU,32,policy,2.9276600909208175
tabdpt_v1_2,NAU,32,oracle,2.9275726079940796
tabdpt_v1_2,NAU,32,random,2.929078535011286
tabdpt_v1_2,NAU,33,policy,2.9281093615224987
tabdpt_v1_2,NAU,33,oracle,2.9281093615224987
tabdpt_v1_2,NAU,33,random,2.9281093615224987
tabdpt_v1_2,NEN,0,policy,1.3421249409835394
tabdpt_v1_2,NEN,0,oracle,1.3421249409835394
tabdpt_v1_2,NEN,0,random,1.3421249409835394
tabdpt_v1_2,NEN,1,policy,1.3419240372066192
tabdpt_v1_2,NEN,1,oracle,1.3416401181487334
tabdpt_v1_2,NEN,1,random,1.3420746482136154
tabdpt_v1_2,NEN,2,policy,1.3417629854564361
tabdpt_v1_2,NEN,2,oracle,1.3412421065926623
tabdpt_v1_2,NEN,2,random,1.3420243554436913
tabdpt_v1_2,NEN,3,policy,1.3414664722168934
tabdpt_v1_2,NEN,3,oracle,1.3409283152309401
tabdpt_v1_2,NEN,3,random,1.3419740626737673
tabdpt_v1_2,NEN,4,policy,1.3411909578743253
tabdpt_v1_2,NEN,4,oracle,1.3406318019913974
tabdpt_v1_2,NEN,4,random,1.3419237699038433
tabdpt_v1_2,NEN,5,policy,1.3409172786323358
tabdpt_v1_2,NEN,5,oracle,1.3403562876488293
tabdpt_v1_2,NEN,5,random,1.3418734771339191
tabdpt_v1_2,NEN,6,policy,1.3406034872706136
tabdpt_v1_2,NEN,6,oracle,1.3400826084068398
tabdpt_v1_2,NEN,6,random,1.3418231843639952
tabdpt_v1_2,NEN,7,policy,1.340397771773279
tabdpt_v1_2,NEN,7,oracle,1.3398112194281706
tabdpt_v1_2,NEN,7,random,1.3417728915940712
tabdpt_v1_2,NEN,8,policy,1.3403004717061864
tabdpt_v1_2,NEN,8,oracle,1.3395677109736455
tabdpt_v1_2,NEN,8,random,1.341722598824147
tabdpt_v1_2,NEN,9,policy,1.3400919638215538
tabdpt_v1_2,NEN,9,oracle,1.3393434060519462
tabdpt_v1_2,NEN,9,random,1.341672306054223
tabdpt_v1_2,NEN,10,policy,1.3399790690119466
tabdpt_v1_2,NEN,10,oracle,1.3391348981673137
tabdpt_v1_2,NEN,10,random,1.341622013284299
tabdpt_v1_2,NEN,11,policy,1.339879261937371
tabdpt_v1_2,NEN,11,oracle,1.338929182669979
tabdpt_v1_2,NEN,11,random,1.341571720514375
tabdpt_v1_2,NEN,12,policy,1.3396078729587018
tabdpt_v1_2,NEN,12,oracle,1.3387282788930588
tabdpt_v1_2,NEN,12,random,1.341521427744451
tabdpt_v1_2,NEN,13,policy,1.3393643645041766
tabdpt_v1_2,NEN,13,oracle,1.3385478285403032
tabdpt_v1_2,NEN,13,random,1.341471134974527
tabdpt_v1_2,NEN,14,policy,1.3392695317081376
tabdpt_v1_2,NEN,14,oracle,1.33838677679012
tabdpt_v1_2,NEN,14,random,1.3414208422046028
tabdpt_v1_2,NEN,15,policy,1.3388715201520665
tabdpt_v1_2,NEN,15,oracle,1.338273881980513
tabdpt_v1_2,NEN,15,random,1.3413705494346788
tabdpt_v1_2,NEN,16,policy,1.3388155857084483
tabdpt_v1_2,NEN,16,oracle,1.3381740749059372
tabdpt_v1_2,NEN,16,random,1.3413202566647549
tabdpt_v1_2,NEN,17,policy,1.3387964977725093
tabdpt_v1_2,NEN,17,oracle,1.3380767748388447
tabdpt_v1_2,NEN,17,random,1.3412699638948307
tabdpt_v1_2,NEN,18,policy,1.3386160474197537
tabdpt_v1_2,NEN,18,oracle,1.3379819420428056
tabdpt_v1_2,NEN,18,random,1.3412196711249067
tabdpt_v1_2,NEN,19,policy,1.338649805571023
tabdpt_v1_2,NEN,19,oracle,1.3379091123916957
tabdpt_v1_2,NEN,19,random,1.3411693783549827
tabdpt_v1_2,NEN,20,policy,1.33912952262875
tabdpt_v1_2,NEN,20,oracle,1.3378531779480773
tabdpt_v1_2,NEN,20,random,1.3411190855850585
tabdpt_v1_2,NEN,21,policy,1.3391492595222119
tabdpt_v1_2,NEN,21,oracle,1.3378125528671596
tabdpt_v1_2,NEN,21,random,1.3410687928151346
tabdpt_v1_2,NEN,22,policy,1.339137461414949
tabdpt_v1_2,NEN,22,oracle,1.3377934649312204
tabdpt_v1_2,NEN,22,random,1.3410185000452104
tabdpt_v1_2,NEN,23,policy,1.3391334446356258
tabdpt_v1_2,NEN,23,oracle,1.3377816668239577
tabdpt_v1_2,NEN,23,random,1.3409682072752864
tabdpt_v1_2,NEN,24,policy,1.3391587659849413
tabdpt_v1_2,NEN,24,oracle,1.3377776500446343
tabdpt_v1_2,NEN,24,random,1.3409179145053625
tabdpt_v1_2,NEN,25,policy,1.3386739431501355
tabdpt_v1_2,NEN,25,oracle,1.3377949277418253
tabdpt_v1_2,NEN,25,random,1.3408676217354383
tabdpt_v1_2,NEN,26,policy,1.338449638228436
tabdpt_v1_2,NEN,26,oracle,1.3378138866229068
tabdpt_v1_2,NEN,26,random,1.3408173289655143
tabdpt_v1_2,NEN,27,policy,1.3383768085773262
tabdpt_v1_2,NEN,27,oracle,1.3378336235163684
tabdpt_v1_2,NEN,27,random,1.3407670361955903
tabdpt_v1_2,NEN,28,policy,1.3383361834964083
tabdpt_v1_2,NEN,28,oracle,1.3378589448656841
tabdpt_v1_2,NEN,28,random,1.3407167434256662
tabdpt_v1_2,NEN,29,policy,1.3383688071053153
tabdpt_v1_2,NEN,29,oracle,1.3378915684745913
tabdpt_v1_2,NEN,29,random,1.3406664506557422
tabdpt_v1_2,NEN,30,policy,1.3383860848025062
tabdpt_v1_2,NEN,30,oracle,1.3379253266258604
tabdpt_v1_2,NEN,30,random,1.3406161578858182
tabdpt_v1_2,NEN,31,policy,1.340411995113144
tabdpt_v1_2,NEN,31,oracle,1.337959652207681
tabdpt_v1_2,NEN,31,random,1.340565865115894
tabdpt_v1_2,NEN,32,policy,1.3404309539942252
tabdpt_v1_2,NEN,32,oracle,1.3384393692654084
tabdpt_v1_2,NEN,32,random,1.34051557234597
tabdpt_v1_2,NEN,33,policy,1.340465279576046
tabdpt_v1_2,NEN,33,oracle,1.340465279576046
tabdpt_v1_2,NEN,33,random,1.340465279576046
tabdpt_v1_2,RFE,0,policy,1.7239968200671099
tabdpt_v1_2,RFE,0,oracle,1.7239968200671099
tabdpt_v1_2,RFE,0,random,1.7239968200671099
tabdpt_v1_2,RFE,1,policy,1.7230209800476526
tabdpt_v1_2,RFE,1,oracle,1.7089336462239573
tabdpt_v1_2,RFE,1,random,1.723237362486476
tabdpt_v1_2,RFE,2,policy,1.7214051125774026
tabdpt_v1_2,RFE,2,oracle,1.7073177787537073
tabdpt_v1_2,RFE,2,random,1.7224779049058425
tabdpt_v1_2,RFE,3,policy,1.7206844635228464
tabdpt_v1_2,RFE,3,oracle,1.7059776569662477
tabdpt_v1_2,RFE,3,random,1.7217184473252087
tabdpt_v1_2,RFE,4,policy,1.7204793657463755
tabdpt_v1_2,RFE,4,oracle,1.7046527941142995
tabdpt_v1_2,RFE,4,random,1.720958989744575
tabdpt_v1_2,RFE,5,policy,1.720541759166046
tabdpt_v1_2,RFE,5,oracle,1.7036769540948422
tabdpt_v1_2,RFE,5,random,1.7201995321639412
tabdpt_v1_2,RFE,6,policy,1.7205703621707327
tabdpt_v1_2,RFE,6,oracle,1.702952912994138
tabdpt_v1_2,RFE,6,random,1.7194400745833076
tabdpt_v1_2,RFE,7,policy,1.7206723836481719
tabdpt_v1_2,RFE,7,oracle,1.7022322639395817
tabdpt_v1_2,RFE,7,random,1.7186806170026738
tabdpt_v1_2,RFE,8,policy,1.7203840416635676
tabdpt_v1_2,RFE,8,oracle,1.7017198265526357
tabdpt_v1_2,RFE,8,random,1.71792115942204
tabdpt_v1_2,RFE,9,policy,1.7196600005628633
tabdpt_v1_2,RFE,9,oracle,1.7012357555579984
tabdpt_v1_2,RFE,9,random,1.7171617018414065
tabdpt_v1_2,RFE,10,policy,1.7194798319775195
tabdpt_v1_2,RFE,10,oracle,1.7008638323378504
tabdpt_v1_2,RFE,10,random,1.7164022442607727
tabdpt_v1_2,RFE,11,policy,1.719643741138249
tabdpt_v1_2,RFE,11,oracle,1.7005023268965989
tabdpt_v1_2,RFE,11,random,1.715642786680139
tabdpt_v1_2,RFE,12,policy,1.7183036193507895
tabdpt_v1_2,RFE,12,oracle,1.700182946269186
tabdpt_v1_2,RFE,12,random,1.7148833290995054
tabdpt_v1_2,RFE,13,policy,1.7180922089005766
tabdpt_v1_2,RFE,13,oracle,1.6998755258678122
tabdpt_v1_2,RFE,13,random,1.7141238715188716
tabdpt_v1_2,RFE,14,policy,1.703029035057424
tabdpt_v1_2,RFE,14,oracle,1.6995702236524672
tabdpt_v1_2,RFE,14,random,1.7133644139382378
tabdpt_v1_2,RFE,15,policy,1.7029169530384274
tabdpt_v1_2,RFE,15,oracle,1.699265352484635
tabdpt_v1_2,RFE,15,random,1.712604956357604
tabdpt_v1_2,RFE,16,policy,1.702762313303061
tabdpt_v1_2,RFE,16,oracle,1.6989691607489341
tabdpt_v1_2,RFE,16,random,1.7118454987769705
tabdpt_v1_2,RFE,17,policy,1.701437450451113
tabdpt_v1_2,RFE,17,oracle,1.6986808187643296
tabdpt_v1_2,RFE,17,random,1.7110860411963367
tabdpt_v1_2,RFE,18,policy,1.7015377921612902
tabdpt_v1_2,RFE,18,oracle,1.6983985988259998
tabdpt_v1_2,RFE,18,random,1.7103265836157029
tabdpt_v1_2,RFE,19,policy,1.701241600425589
tabdpt_v1_2,RFE,19,oracle,1.6981871883757869
tabdpt_v1_2,RFE,19,random,1.7095671260350693
tabdpt_v1_2,RFE,20,policy,1.7009222197981764
tabdpt_v1_2,RFE,20,oracle,1.6979820905993162
tabdpt_v1_2,RFE,20,random,1.7088076684544355
tabdpt_v1_2,RFE,21,policy,1.7006169175828312
tabdpt_v1_2,RFE,21,oracle,1.6977889896122575
tabdpt_v1_2,RFE,21,random,1.7080482108738018
tabdpt_v1_2,RFE,22,policy,1.700577018594859
tabdpt_v1_2,RFE,22,oracle,1.6976088210269138
tabdpt_v1_2,RFE,22,random,1.707288753293168
tabdpt_v1_2,RFE,23,policy,1.7003839176078002
tabdpt_v1_2,RFE,23,oracle,1.6974541812915473
tabdpt_v1_2,RFE,23,random,1.7065292957125344
tabdpt_v1_2,RFE,24,policy,1.699899846613163
tabdpt_v1_2,RFE,24,oracle,1.6973420992725505
tabdpt_v1_2,RFE,24,random,1.7057698381319006
tabdpt_v1_2,RFE,25,policy,1.69992143433178
tabdpt_v1_2,RFE,25,oracle,1.6972881444256194
tabdpt_v1_2,RFE,25,random,1.7050103805512669
tabdpt_v1_2,RFE,26,policy,1.70112905230901
tabdpt_v1_2,RFE,26,oracle,1.697248245437647
tabdpt_v1_2,RFE,26,random,1.7042509229706333
tabdpt_v1_2,RFE,27,policy,1.7006166149220636
tabdpt_v1_2,RFE,27,oracle,1.697269833156264
tabdpt_v1_2,RFE,27,random,1.7034914653899995
tabdpt_v1_2,RFE,28,policy,1.7003343949837337
tabdpt_v1_2,RFE,28,oracle,1.6972984361609507
tabdpt_v1_2,RFE,28,random,1.7027320078093657
tabdpt_v1_2,RFE,29,policy,1.7002804401368026
tabdpt_v1_2,RFE,29,oracle,1.6973608295806208
tabdpt_v1_2,RFE,29,random,1.7019725502287322
tabdpt_v1_2,RFE,30,policy,1.6999730197354284
tabdpt_v1_2,RFE,30,oracle,1.6974611712907983
tabdpt_v1_2,RFE,30,random,1.7012130926480984
tabdpt_v1_2,RFE,31,policy,1.6996681485675964
tabdpt_v1_2,RFE,31,oracle,1.6975631927682375
tabdpt_v1_2,RFE,31,random,1.7004536350674646
tabdpt_v1_2,RFE,32,policy,1.6992962253474488
tabdpt_v1_2,RFE,32,oracle,1.6977271019289673
tabdpt_v1_2,RFE,32,random,1.6996941774868308
tabdpt_v1_2,RFE,33,policy,1.698934719906197
tabdpt_v1_2,RFE,33,oracle,1.698934719906197
tabdpt_v1_2,RFE,33,random,1.6989347199061973
tabm,CAU,0,policy,0.741769398749529
tabm,CAU,0,oracle,0.741769398749529
tabm,CAU,0,random,0.741769398749529
tabm,CAU,1,policy,0.7419272308541747
tabm,CAU,1,oracle,0.7390487989247969
tabm,CAU,1,random,0.7416677557587285
tabm,CAU,2,policy,0.7416807746790351
tabm,CAU,2,oracle,0.7378984509550482
tabm,CAU,2,random,0.7415661127679279
tabm,CAU,3,policy,0.7418555133650059
tabm,CAU,3,oracle,0.7376483119353422
tabm,CAU,3,random,0.7414644697771274
tabm,CAU,4,policy,0.7419737772063094
tabm,CAU,4,oracle,0.7374018557602027
tabm,CAU,4,random,0.7413628267863269
tabm,CAU,5,policy,0.7421160220484697
tabm,CAU,5,oracle,0.7372226589111889
tabm,CAU,5,random,0.7412611837955264
tabm,CAU,6,policy,0.7422813776885411
tabm,CAU,6,oracle,0.7370901884912763
tabm,CAU,6,random,0.7411595408047259
tabm,CAU,7,policy,0.7423337286286674
tabm,CAU,7,oracle,0.7369741725657244
tabm,CAU,7,random,0.7410578978139254
tabm,CAU,8,policy,0.7423144691035996
tabm,CAU,8,oracle,0.736900759511576
tabm,CAU,8,random,0.7409562548231249
tabm,CAU,9,policy,0.7420643300838936
tabm,CAU,9,oracle,0.7368814999865081
tabm,CAU,9,random,0.7408546118323243
tabm,CAU,10,policy,0.7420517824030677
tabm,CAU,10,oracle,0.7368636529109013
tabm,CAU,10,random,0.7407529688415238
tabm,CAU,11,policy,0.742085379554506
tabm,CAU,11,oracle,0.736849053385334
tabm,CAU,11,random,0.7406513258507232
tabm,CAU,12,policy,0.7422496968251233
tabm,CAU,12,oracle,0.7368365057045081
tabm,CAU,12,random,0.7405496828599227
tabm,CAU,13,policy,0.7423944976712509
tabm,CAU,13,oracle,0.7368329799994596
tabm,CAU,13,random,0.7404480398691222
tabm,CAU,14,policy,0.7425137890513445
tabm,CAU,14,oracle,0.7368303068214515
tabm,CAU,14,random,0.7403463968783217
tabm,CAU,15,policy,0.7424991895257772
tabm,CAU,15,oracle,0.7368320967669961
tabm,CAU,15,random,0.7402447538875212
tabm,CAU,16,policy,0.7424956638207286
tabm,CAU,16,oracle,0.736840291502552
tabm,CAU,16,random,0.7401431108967207
tabm,CAU,17,policy,0.7426124631206771
tabm,CAU,17,oracle,0.7368485512613568
tabm,CAU,17,random,0.7400414679059202
tabm,CAU,18,policy,0.7426142530662216
tabm,CAU,18,oracle,0.7368579778262382
tabm,CAU,18,random,0.7399398249151197
tabm,CAU,19,policy,0.7426938102611284
tabm,CAU,19,oracle,0.7368834315290774
tabm,CAU,19,random,0.7398381819243192
tabm,CAU,20,policy,0.7427192639639675
tabm,CAU,20,oracle,0.7369121392934428
tabm,CAU,20,random,0.7397365389335187
tabm,CAU,21,policy,0.7425867935440548
tabm,CAU,21,oracle,0.7369457364448813
tabm,CAU,21,random,0.7396348959427181
tabm,CAU,22,policy,0.742568946468448
tabm,CAU,22,oracle,0.7369796280071408
tabm,CAU,22,random,0.7395332529519176
tabm,CAU,23,policy,0.7425783730333293
tabm,CAU,23,oracle,0.7370319789472671
tabm,CAU,23,random,0.7394316099611171
tabm,CAU,24,policy,0.7425866327921341
tabm,CAU,24,oracle,0.7371115361421738
tabm,CAU,24,random,0.7393299669703166
tabm,CAU,25,policy,0.7425839596141259
tabm,CAU,25,oracle,0.7372283354421222
tabm,CAU,25,random,0.739228323979516
tabm,CAU,26,policy,0.7426178511763855
tabm,CAU,26,oracle,0.7373465992834256
tabm,CAU,26,random,0.7391266809887155
tabm,CAU,27,policy,0.7426465589407509
tabm,CAU,27,oracle,0.7374658906635193
tabm,CAU,27,random,0.739025037997915
tabm,CAU,28,policy,0.7424673620917371
tabm,CAU,28,oracle,0.7376081355056796
tabm,CAU,28,random,0.7389233950071145
tabm,CAU,29,policy,0.7423513461661853
tabm,CAU,29,oracle,0.737752936351807
tabm,CAU,29,random,0.738821752016314
tabm,CAU,30,policy,0.7422779331120369
tabm,CAU,30,oracle,0.7379107684564528
tabm,CAU,30,random,0.7387201090255134
tabm,CAU,31,policy,0.7422861278475928
tabm,CAU,31,oracle,0.7380750857270701
tabm,CAU,31,random,0.7386184660347129
tabm,CAU,32,policy,0.7395655280228608
tabm,CAU,32,oracle,0.7382404413671414
tabm,CAU,32,random,0.7385168230439124
tabm,CAU,33,policy,0.738415180053112
tabm,CAU,33,oracle,0.738415180053112
tabm,CAU,33,random,0.7384151800531119
tabm,ESB,0,policy,1.3305254897222838
tabm,ESB,0,oracle,1.3305254897222838
tabm,ESB,0,random,1.3305254897222838
tabm,ESB,1,policy,1.3298131022327337
tabm,ESB,1,oracle,1.3134656722636397
tabm,ESB,1,random,1.3298970665047212
tabm,ESB,2,policy,1.3299455401410218
tabm,ESB,2,oracle,1.3126979283149056
tabm,ESB,2,random,1.3292686432871583
tabm,ESB,3,policy,1.3297054634690748
tabm,ESB,3,oracle,1.3119804220507103
tabm,ESB,3,random,1.3286402200695957
tabm,ESB,4,policy,1.3297985370249923
tabm,ESB,4,oracle,1.3112680345611603
tabm,ESB,4,random,1.3280117968520329
tabm,ESB,5,policy,1.3292185440948978
tabm,ESB,5,oracle,1.310647430582943
tabm,ESB,5,random,1.3273833736344702
tabm,ESB,6,policy,1.3284508001461637
tabm,ESB,6,oracle,1.310033292342455
tabm,ESB,6,random,1.3267549504169074
tabm,ESB,7,policy,1.3282071327459193
tabm,ESB,7,oracle,1.3094532994123604
tabm,ESB,7,random,1.3261265271993448
tabm,ESB,8,policy,1.3279344758138976
tabm,ESB,8,oracle,1.3091251379126434
tabm,ESB,8,random,1.325498103981782
tabm,ESB,9,policy,1.3272169695497023
tabm,ESB,9,oracle,1.308852480980622
tabm,ESB,9,random,1.3248696807642193
tabm,ESB,10,policy,1.3273844405395074
tabm,ESB,10,oracle,1.3086088135803773
tabm,ESB,10,random,1.3242412575466567
tabm,ESB,11,policy,1.3103246230808634
tabm,ESB,11,oracle,1.3083687369084303
tabm,ESB,11,random,1.3236128343290938
tabm,ESB,12,policy,1.3104794795603927
tabm,ESB,12,oracle,1.3081429003279803
tabm,ESB,12,random,1.3229844111115312
tabm,ESB,13,policy,1.3102962657195611
tabm,ESB,13,oracle,1.3079596864871488
tabm,ESB,13,random,1.3223559878939684
tabm,ESB,14,policy,1.310132945380474
tabm,ESB,14,oracle,1.3077963661480616
tabm,ESB,14,random,1.3217275646764057
tabm,ESB,15,policy,1.309804783880757
tabm,ESB,15,oracle,1.307676682105431
tabm,ESB,15,random,1.3210991414588429
tabm,ESB,16,policy,1.3091841799025399
tabm,ESB,16,oracle,1.3076016292520152
tabm,ESB,16,random,1.3204707182412803
tabm,ESB,17,policy,1.3085700416620516
tabm,ESB,17,oracle,1.3075338874848759
tabm,ESB,17,random,1.3198422950237176
tabm,ESB,18,policy,1.3087789469109825
tabm,ESB,18,oracle,1.3074971439769865
tabm,ESB,18,random,1.3192138718061548
tabm,ESB,19,policy,1.3087899934069167
tabm,ESB,19,oracle,1.307465957965421
tabm,ESB,19,random,1.3185854485885922
tabm,ESB,20,policy,1.308812737094402
tabm,ESB,20,oracle,1.3074361751870585
tabm,ESB,20,random,1.3179570253710293
tabm,ESB,21,policy,1.3089592272492463
tabm,ESB,21,oracle,1.307416379312813
tabm,ESB,21,random,1.3173286021534667
tabm,ESB,22,policy,1.3091107061322382
tabm,ESB,22,oracle,1.3074274258087473
tabm,ESB,22,random,1.3167001789359039
tabm,ESB,23,policy,1.3100969746025757
tabm,ESB,23,oracle,1.3074501694962324
tabm,ESB,23,random,1.3160717557183412
tabm,ESB,24,policy,1.3100602310946863
tabm,ESB,24,oracle,1.3075432430521499
tabm,ESB,24,random,1.3154433325007784
tabm,ESB,25,policy,1.3100404352204411
tabm,ESB,25,oracle,1.3076411102664685
tabm,ESB,25,random,1.3148149092832158
tabm,ESB,26,policy,1.3100092492088757
tabm,ESB,26,oracle,1.3077735481747566
tabm,ESB,26,random,1.3141864860656531
tabm,ESB,27,policy,1.309889565166245
tabm,ESB,27,oracle,1.307920038329601
tabm,ESB,27,random,1.3135580628480903
tabm,ESB,28,policy,1.309663728585795
tabm,ESB,28,oracle,1.3080715172125927
tabm,ESB,28,random,1.3129296396305277
tabm,ESB,29,policy,1.3097615958001136
tabm,ESB,29,oracle,1.308226373692122
tabm,ESB,29,random,1.3123012164129648
tabm,ESB,30,policy,1.309960100941632
tabm,ESB,30,oracle,1.3083938446819272
tabm,ESB,30,random,1.3116727931954022
tabm,ESB,31,policy,1.3098923591744926
tabm,ESB,31,oracle,1.3085923498234457
tabm,ESB,31,random,1.3110443699778394
tabm,ESB,32,policy,1.30986257639613
tabm,ESB,32,oracle,1.3088012550723767
tabm,ESB,32,random,1.3104159467602767
tabm,ESB,33,policy,1.3097875235427139
tabm,ESB,33,oracle,1.3097875235427139
tabm,ESB,33,random,1.3097875235427139
tabm,NAU,0,policy,2.960741293218567
tabm,NAU,0,oracle,2.960741293218567
tabm,NAU,0,random,2.960741293218567
tabm,NAU,1,policy,2.9588430622902036
tabm,NAU,1,oracle,2.9567473991039277
tabm,NAU,1,random,2.9597524468035346
tabm,NAU,2,policy,2.95623557221304
tabm,NAU,2,oracle,2.9533276819510146
tabm,NAU,2,random,2.9587636003885023
tabm,NAU,3,policy,2.9550293212524896
tabm,NAU,3,oracle,2.950720191873851
tabm,NAU,3,random,2.9577747539734696
tabm,NAU,4,policy,2.9541625414771593
tabm,NAU,4,oracle,2.94818138079708
tabm,NAU,4,random,2.9567859075584373
tabm,NAU,5,policy,2.9501686473625206
tabm,NAU,5,oracle,2.9457117327826645
tabm,NAU,5,random,2.955797061143405
tabm,NAU,6,policy,2.946748930209607
tabm,NAU,6,oracle,2.943772038695954
tabm,NAU,6,random,2.9548082147283727
tabm,NAU,7,policy,2.9442792821951915
tabm,NAU,7,oracle,2.9418738077675908
tabm,NAU,7,random,2.9538193683133405
tabm,NAU,8,policy,2.9417404711184205
tabm,NAU,8,oracle,2.939979825024819
tabm,NAU,8,random,2.9528305218983077
tabm,NAU,9,policy,2.9420554434244157
tabm,NAU,9,oracle,2.9383132719320937
tabm,NAU,9,random,2.9518416754832755
tabm,NAU,10,policy,2.9424846752185685
tabm,NAU,10,oracle,2.9369242958638857
tabm,NAU,10,random,2.950852829068243
tabm,NAU,11,policy,2.9429463321263265
tabm,NAU,11,oracle,2.9356508661088774
tabm,NAU,11,random,2.949863982653211
tabm,NAU,12,policy,2.9433956027280077
tabm,NAU,12,oracle,2.9344039441649814
tabm,NAU,12,random,2.9488751362381787
tabm,NAU,13,policy,2.9439323562564272
tabm,NAU,13,oracle,2.933197693204431
tabm,NAU,13,random,2.9478862898231464
tabm,NAU,14,policy,2.944321182391984
tabm,NAU,14,oracle,2.932093612888639
tabm,NAU,14,random,2.9468974434081137
tabm,NAU,15,policy,2.9429322063237766
tabm,NAU,15,oracle,2.931009552508686
tabm,NAU,15,random,2.9459085969930814
tabm,NAU,16,policy,2.94222655957769
tabm,NAU,16,oracle,2.9299837385100878
tabm,NAU,16,random,2.944919750578049
tabm,NAU,17,policy,2.942649934234539
tabm,NAU,17,oracle,2.9290635511668373
tabm,NAU,17,random,2.943930904163017
tabm,NAU,18,policy,2.941565873854586
tabm,NAU,18,oracle,2.9281967713915065
tabm,NAU,18,random,2.9429420577479846
tabm,NAU,19,policy,2.9404617935387938
tabm,NAU,19,oracle,2.9273530947377315
tabm,NAU,19,random,2.941953211332952
tabm,NAU,20,policy,2.938567810796022
tabm,NAU,20,oracle,2.926647447991645
tabm,NAU,20,random,2.9409643649179196
tabm,NAU,21,policy,2.9369012577032962
tabm,NAU,21,oracle,2.9259483902681085
tabm,NAU,21,random,2.9399755185028873
tabm,NAU,22,policy,2.935627827948288
tabm,NAU,22,oracle,2.925262994651635
tabm,NAU,22,random,2.938986672087855
tabm,NAU,23,policy,2.9361004212184136
tabm,NAU,23,oracle,2.924654283119967
tabm,NAU,23,random,2.9379978256728227
tabm,NAU,24,policy,2.9354917096867457
tabm,NAU,24,oracle,2.9243570546246866
tabm,NAU,24,random,2.93700897925779
tabm,NAU,25,policy,2.9342447877428497
tabm,NAU,25,oracle,2.924632682321961
tabm,NAU,25,random,2.9360201328427578
tabm,NAU,26,policy,2.933218973744252
tabm,NAU,26,oracle,2.9249476546279563
tabm,NAU,26,random,2.9350312864277255
tabm,NAU,27,policy,2.932298786401001
tabm,NAU,27,oracle,2.925336480763514
tabm,NAU,27,random,2.934042440012693
tabm,NAU,28,policy,2.9303590923142906
tabm,NAU,28,oracle,2.9257598554203628
tabm,NAU,28,random,2.933053593597661
tabm,NAU,29,policy,2.930061863819011
tabm,NAU,29,oracle,2.9261890872145147
tabm,NAU,29,random,2.932064747182628
tabm,NAU,30,policy,2.9292181871652354
tabm,NAU,30,oracle,2.9266383578161954
tabm,NAU,30,random,2.931075900767596
tabm,NAU,31,policy,2.928519129441699
tabm,NAU,31,oracle,2.9271000147239543
tabm,NAU,31,random,2.9300870543525637
tabm,NAU,32,policy,2.927833733825225
tabm,NAU,32,oracle,2.9275726079940796
tabm,NAU,32,random,2.9290982079375314
tabm,NAU,33,policy,2.9281093615224987
tabm,NAU,33,oracle,2.9281093615224987
tabm,NAU,33,random,2.928109361522499
tabm,NEN,0,policy,1.3421249409835394
tabm,NEN,0,oracle,1.3421249409835394
tabm,NEN,0,random,1.3421249409835394
tabm,NEN,1,policy,1.3419638892333563
tabm,NEN,1,oracle,1.3416401181487334
tabm,NEN,1,random,1.3420746482136154
tabm,NEN,2,policy,1.3416883748907882
tabm,NEN,2,oracle,1.3412421065926623
tabm,NEN,2,random,1.3420243554436913
tabm,NEN,3,policy,1.3414798670061556
tabm,NEN,3,oracle,1.3409283152309401
tabm,NEN,3,random,1.3419740626737673
tabm,NEN,4,policy,1.3412789632292355
tabm,NEN,4,oracle,1.3406318019913974
tabm,NEN,4,random,1.3419237699038433
tabm,NEN,5,policy,1.341005283987246
tabm,NEN,5,oracle,1.3403562876488293
tabm,NEN,5,random,1.3418734771339191
tabm,NEN,6,policy,1.3407338950085768
tabm,NEN,6,oracle,1.3400826084068398
tabm,NEN,6,random,1.3418231843639952
tabm,NEN,7,policy,1.3404903865540516
tabm,NEN,7,oracle,1.3398112194281706
tabm,NEN,7,random,1.3417728915940712
tabm,NEN,8,policy,1.340393086486959
tabm,NEN,8,oracle,1.3395677109736455
tabm,NEN,8,random,1.341722598824147
tabm,NEN,9,policy,1.3401873709896244
tabm,NEN,9,oracle,1.3393434060519462
tabm,NEN,9,random,1.341672306054223
tabm,NEN,10,policy,1.3400875639150487
tabm,NEN,10,oracle,1.3391348981673137
tabm,NEN,10,random,1.341622013284299
tabm,NEN,11,policy,1.3399927311190096
tabm,NEN,11,oracle,1.338929182669979
tabm,NEN,11,random,1.341571720514375
tabm,NEN,12,policy,1.3396962178794671
tabm,NEN,12,oracle,1.3387282788930588
tabm,NEN,12,random,1.341521427744451
tabm,NEN,13,policy,1.3396402834358487
tabm,NEN,13,oracle,1.3385478285403032
tabm,NEN,13,random,1.341471134974527
tabm,NEN,14,policy,1.3393264920741266
tabm,NEN,14,oracle,1.33838677679012
tabm,NEN,14,random,1.3414208422046028
tabm,NEN,15,policy,1.3388416692393206
tabm,NEN,15,oracle,1.338273881980513
tabm,NEN,15,random,1.3413705494346788
tabm,NEN,16,policy,1.3384436576832495
tabm,NEN,16,oracle,1.3381740749059372
tabm,NEN,16,random,1.3413202566647549
tabm,NEN,17,policy,1.3384245697473105
tabm,NEN,17,oracle,1.3380767748388447
tabm,NEN,17,random,1.3412699638948307
tabm,NEN,18,policy,1.3384205529679871
tabm,NEN,18,oracle,1.3379819420428056
tabm,NEN,18,random,1.3412196711249067
tabm,NEN,19,policy,1.338440289861449
tabm,NEN,19,oracle,1.3379091123916957
tabm,NEN,19,random,1.3411693783549827
tabm,NEN,20,policy,1.3384575675586399
tabm,NEN,20,oracle,1.3378531779480773
tabm,NEN,20,random,1.3411190855850585
tabm,NEN,21,policy,1.3384828889079554
tabm,NEN,21,oracle,1.3378125528671596
tabm,NEN,21,random,1.3410687928151346
tabm,NEN,22,policy,1.3385172144897763
tabm,NEN,22,oracle,1.3377934649312204
tabm,NEN,22,random,1.3410185000452104
tabm,NEN,23,policy,1.338336764137021
tabm,NEN,23,oracle,1.3377816668239577
tabm,NEN,23,random,1.3409682072752864
tabm,NEN,24,policy,1.338324966029758
tabm,NEN,24,oracle,1.3377776500446343
tabm,NEN,24,random,1.3409179145053625
tabm,NEN,25,policy,1.3383439249108393
tabm,NEN,25,oracle,1.3377949277418253
tabm,NEN,25,random,1.3408676217354383
tabm,NEN,26,policy,1.3383776830621086
tabm,NEN,26,oracle,1.3378138866229068
tabm,NEN,26,random,1.3408173289655143
tabm,NEN,27,policy,1.3382647882525012
tabm,NEN,27,oracle,1.3378336235163684
tabm,NEN,27,random,1.3407670361955903
tabm,NEN,28,policy,1.3382241631715834
tabm,NEN,28,oracle,1.3378589448656841
tabm,NEN,28,random,1.3407167434256662
tabm,NEN,29,policy,1.337999858249884
tabm,NEN,29,oracle,1.3378915684745913
tabm,NEN,29,random,1.3406664506557422
tabm,NEN,30,policy,1.3379270285987739
tabm,NEN,30,oracle,1.3379253266258604
tabm,NEN,30,random,1.3406161578858182
tabm,NEN,31,policy,1.337959652207681
tabm,NEN,31,oracle,1.337959652207681
tabm,NEN,31,random,1.340565865115894
tabm,NEN,32,policy,1.3384393692654084
tabm,NEN,32,oracle,1.3384393692654084
tabm,NEN,32,random,1.34051557234597
tabm,NEN,33,policy,1.340465279576046
tabm,NEN,33,oracle,1.340465279576046
tabm,NEN,33,random,1.340465279576046
tabm,RFE,0,policy,1.7238488524395557
tabm,RFE,0,oracle,1.7238488524395557
tabm,RFE,0,random,1.7238488524395557
tabm,RFE,1,policy,1.7239112458592258
tabm,RFE,1,oracle,1.7087856785964028
tabm,RFE,1,random,1.7230938787264236
tabm,RFE,2,policy,1.7239398488639126
tabm,RFE,2,oracle,1.707169811126153
tabm,RFE,2,random,1.7223389050132916
tabm,RFE,3,policy,1.7232191998093565
tabm,RFE,3,oracle,1.7058296893386935
tabm,RFE,3,random,1.7215839313001595
tabm,RFE,4,policy,1.7233212212867957
tabm,RFE,4,oracle,1.7045048264867453
tabm,RFE,4,random,1.7208289575870275
tabm,RFE,5,policy,1.7223453812673384
tabm,RFE,5,oracle,1.703528986467288
tabm,RFE,5,random,1.7200739838738952
tabm,RFE,6,policy,1.7207295137970884
tabm,RFE,6,oracle,1.7028049453665837
tabm,RFE,6,random,1.7193190101607632
tabm,RFE,7,policy,1.7204411718124841
tabm,RFE,7,oracle,1.7020842963120275
tabm,RFE,7,random,1.7185640364476311
tabm,RFE,8,policy,1.7202610032271402
tabm,RFE,8,oracle,1.7015718589250814
tabm,RFE,8,random,1.717809062734499
tabm,RFE,9,policy,1.7200559054506694
tabm,RFE,9,oracle,1.701087787930444
tabm,RFE,9,random,1.717054089021367
tabm,RFE,10,policy,1.7202198146113992
tabm,RFE,10,oracle,1.7007158647102962
tabm,RFE,10,random,1.716299115308235
tabm,RFE,11,policy,1.7194957735106948
tabm,RFE,11,oracle,1.7003543592690447
tabm,RFE,11,random,1.715544141595103
tabm,RFE,12,policy,1.7181709106587466
tabm,RFE,12,oracle,1.7000349786416318
tabm,RFE,12,random,1.7147891678819707
tabm,RFE,13,policy,1.717977809671688
tabm,RFE,13,oracle,1.699727558240258
tabm,RFE,13,random,1.7140341941688386
tabm,RFE,14,policy,1.7166376878842284
tabm,RFE,14,oracle,1.6994226870724258
tabm,RFE,14,random,1.7132792204557066
tabm,RFE,15,policy,1.7165256058652318
tabm,RFE,15,oracle,1.6991264953367247
tabm,RFE,15,random,1.7125242467425745
tabm,RFE,16,policy,1.7162294141295307
tabm,RFE,16,oracle,1.6988381533521204
tabm,RFE,16,random,1.7117692730294425
tabm,RFE,17,policy,1.701166240286378
tabm,RFE,17,oracle,1.6985559334137905
tabm,RFE,17,random,1.7110142993163104
tabm,RFE,18,policy,1.7010089056985873
tabm,RFE,18,oracle,1.6983445229635776
tabm,RFE,18,random,1.7102593256031784
tabm,RFE,19,policy,1.7008542659632209
tabm,RFE,19,oracle,1.698139425187107
tabm,RFE,19,random,1.7095043518900463
tabm,RFE,20,policy,1.7009546076733983
tabm,RFE,20,oracle,1.6979463242000483
tabm,RFE,20,random,1.7087493781769143
tabm,RFE,21,policy,1.700914708685426
tabm,RFE,21,oracle,1.6977661556147046
tabm,RFE,21,random,1.707994404463782
tabm,RFE,22,policy,1.700703298235213
tabm,RFE,22,oracle,1.6976088210269138
tabm,RFE,22,random,1.70723943075065
tabm,RFE,23,policy,1.7004210782968832
tabm,RFE,23,oracle,1.6974541812915473
tabm,RFE,23,random,1.706484457037518
tabm,RFE,24,policy,1.7001016976694707
tabm,RFE,24,oracle,1.6973420992725505
tabm,RFE,24,random,1.705729483324386
tabm,RFE,25,policy,1.6996176266748333
tabm,RFE,25,oracle,1.6972881444256194
tabm,RFE,25,random,1.7049745096112539
tabm,RFE,26,policy,1.6993102062734593
tabm,RFE,26,oracle,1.697248245437647
tabm,RFE,26,random,1.7042195358981218
tabm,RFE,27,policy,1.698797768886513
tabm,RFE,27,oracle,1.697269833156264
tabm,RFE,27,random,1.7034645621849898
tabm,RFE,28,policy,1.69881935660513
tabm,RFE,28,oracle,1.6972984361609507
tabm,RFE,28,random,1.7027095884718575
tabm,RFE,29,policy,1.6987654017581986
tabm,RFE,29,oracle,1.6973608295806208
tabm,RFE,29,random,1.7019546147587254
tabm,RFE,30,policy,1.6984605305903666
tabm,RFE,30,oracle,1.6974611712907983
tabm,RFE,30,random,1.7011996410455934
tabm,RFE,31,policy,1.698088607370219
tabm,RFE,31,oracle,1.6975631927682375
tabm,RFE,31,random,1.7004446673324614
tabm,RFE,32,policy,1.6977271019289673
tabm,RFE,32,oracle,1.6977271019289673
tabm,RFE,32,random,1.6996896936193293
tabm,RFE,33,policy,1.698934719906197
tabm,RFE,33,oracle,1.698934719906197
tabm,RFE,33,random,1.6989347199061973
