model,source_region,target_region,action,adaptation,mae_2023_2025,n_test_stations,n_test_observations,action_fit_seconds,n_action_training_observations,source_training_seconds_sunk
patchtst_small,NEU,CAU,deploy,deploy,0.7549751400947571,69,60000,0.0,0,8.342282700003125
patchtst_small,NEU,CAU,adapt,head_finetune,0.7188675999641418,69,60000,2.5466982000070857,30000,8.342282700003125
patchtst_small,NEU,CAU,retrain,retrain,0.7107345461845398,69,60000,7.673963399996865,90000,8.342282700003125
patchtst_small,WCE,CAU,deploy,deploy,0.7325419783592224,69,60000,0.0,0,7.843918500002474
patchtst_small,WCE,CAU,adapt,head_finetune,0.7189891338348389,69,60000,2.472420999998576,30000,7.843918500002474
patchtst_small,WCE,CAU,retrain,retrain,0.7107345461845398,69,60000,7.673963399996865,90000,7.843918500002474
patchtst_small,WNA,CAU,deploy,deploy,0.7225956320762634,69,60000,0.0,0,7.814519100007601
patchtst_small,WNA,CAU,adapt,head_finetune,0.7112163305282593,69,60000,2.4917324999987613,30000,7.814519100007601
patchtst_small,WNA,CAU,retrain,retrain,0.7107345461845398,69,60000,7.673963399996865,90000,7.814519100007601
patchtst_small,ENA,CAU,deploy,deploy,0.711256742477417,69,60000,0.0,0,7.824448499988648
patchtst_small,ENA,CAU,adapt,head_finetune,0.7096161246299744,69,60000,2.630282800004352,30000,7.824448499988648
patchtst_small,ENA,CAU,retrain,retrain,0.7107345461845398,69,60000,7.673963399996865,90000,7.824448499988648
patchtst_small,CNA,CAU,deploy,deploy,0.7104619741439819,69,60000,0.0,0,7.944100799999433
patchtst_small,CNA,CAU,adapt,head_finetune,0.7110783457756042,69,60000,2.5560854000068503,30000,7.944100799999433
patchtst_small,CNA,CAU,retrain,retrain,0.7107345461845398,69,60000,7.673963399996865,90000,7.944100799999433
patchtst_small,SAU,CAU,deploy,deploy,0.7124205827713013,69,60000,0.0,0,7.70494919999328
patchtst_small,SAU,CAU,adapt,head_finetune,0.7108227610588074,69,60000,2.562810299990815,30000,7.70494919999328
patchtst_small,SAU,CAU,retrain,retrain,0.7107345461845398,69,60000,7.673963399996865,90000,7.70494919999328
patchtst_small,MED,CAU,deploy,deploy,0.7257656455039978,69,60000,0.0,0,7.6854731000057654
patchtst_small,MED,CAU,adapt,head_finetune,0.7151060700416565,69,60000,2.5006617000035476,30000,7.6854731000057654
patchtst_small,MED,CAU,retrain,retrain,0.7107345461845398,69,60000,7.673963399996865,90000,7.6854731000057654
patchtst_small,EAU,CAU,deploy,deploy,0.7094570398330688,69,60000,0.0,0,7.794699599995511
patchtst_small,EAU,CAU,adapt,head_finetune,0.7097871899604797,69,60000,2.505643100012094,30000,7.794699599995511
patchtst_small,EAU,CAU,retrain,retrain,0.7107345461845398,69,60000,7.673963399996865,90000,7.794699599995511
patchtst_small,NWN,CAU,deploy,deploy,0.7227892875671387,69,60000,0.0,0,7.659147900005337
patchtst_small,NWN,CAU,adapt,head_finetune,0.7096258401870728,69,60000,2.5623001999920234,30000,7.659147900005337
patchtst_small,NWN,CAU,retrain,retrain,0.7107345461845398,69,60000,7.673963399996865,90000,7.659147900005337
patchtst_small,NCA,CAU,deploy,deploy,0.708763837814331,69,60000,0.0,0,7.646099200006574
patchtst_small,NCA,CAU,adapt,head_finetune,0.7090069651603699,69,60000,2.578595300001325,30000,7.646099200006574
patchtst_small,NCA,CAU,retrain,retrain,0.7107345461845398,69,60000,7.673963399996865,90000,7.646099200006574
patchtst_small,EAS,CAU,deploy,deploy,0.7303570508956909,69,60000,0.0,0,7.586061099995277
patchtst_small,EAS,CAU,adapt,head_finetune,0.7145630717277527,69,60000,2.4680179999995744,30000,7.586061099995277
patchtst_small,EAS,CAU,retrain,retrain,0.7107345461845398,69,60000,7.673963399996865,90000,7.586061099995277
patchtst_small,NEU,NAU,deploy,deploy,2.9030566215515137,58,58164,0.0,0,8.342282700003125
patchtst_small,NEU,NAU,adapt,head_finetune,2.8883893489837646,58,58164,2.535305299999891,30000,8.342282700003125
patchtst_small,NEU,NAU,retrain,retrain,2.8683018684387207,58,58164,7.645508699992206,90000,8.342282700003125
patchtst_small,WCE,NAU,deploy,deploy,2.919060230255127,58,58164,0.0,0,7.843918500002474
patchtst_small,WCE,NAU,adapt,head_finetune,2.910325050354004,58,58164,2.538440999996965,30000,7.843918500002474
patchtst_small,WCE,NAU,retrain,retrain,2.8683018684387207,58,58164,7.645508699992206,90000,7.843918500002474
patchtst_small,WNA,NAU,deploy,deploy,2.898679733276367,58,58164,0.0,0,7.814519100007601
patchtst_small,WNA,NAU,adapt,head_finetune,2.8909199237823486,58,58164,2.5954101999959676,30000,7.814519100007601
patchtst_small,WNA,NAU,retrain,retrain,2.8683018684387207,58,58164,7.645508699992206,90000,7.814519100007601
patchtst_small,ENA,NAU,deploy,deploy,2.95288348197937,58,58164,0.0,0,7.824448499988648
patchtst_small,ENA,NAU,adapt,head_finetune,2.9498002529144287,58,58164,2.4652708000066923,30000,7.824448499988648
patchtst_small,ENA,NAU,retrain,retrain,2.8683018684387207,58,58164,7.645508699992206,90000,7.824448499988648
patchtst_small,CNA,NAU,deploy,deploy,2.964777946472168,58,58164,0.0,0,7.944100799999433
patchtst_small,CNA,NAU,adapt,head_finetune,2.952082633972168,58,58164,2.511882799997693,30000,7.944100799999433
patchtst_small,CNA,NAU,retrain,retrain,2.8683018684387207,58,58164,7.645508699992206,90000,7.944100799999433
patchtst_small,SAU,NAU,deploy,deploy,2.902709484100342,58,58164,0.0,0,7.70494919999328
patchtst_small,SAU,NAU,adapt,head_finetune,2.898668050765991,58,58164,2.537529599998379,30000,7.70494919999328
patchtst_small,SAU,NAU,retrain,retrain,2.8683018684387207,58,58164,7.645508699992206,90000,7.70494919999328
patchtst_small,MED,NAU,deploy,deploy,2.932117223739624,58,58164,0.0,0,7.6854731000057654
patchtst_small,MED,NAU,adapt,head_finetune,2.9232981204986572,58,58164,2.552742899992154,30000,7.6854731000057654
patchtst_small,MED,NAU,retrain,retrain,2.8683018684387207,58,58164,7.645508699992206,90000,7.6854731000057654
patchtst_small,EAU,NAU,deploy,deploy,2.901761531829834,58,58164,0.0,0,7.794699599995511
patchtst_small,EAU,NAU,adapt,head_finetune,2.8961431980133057,58,58164,2.5534729000064544,30000,7.794699599995511
patchtst_small,EAU,NAU,retrain,retrain,2.8683018684387207,58,58164,7.645508699992206,90000,7.794699599995511
patchtst_small,NWN,NAU,deploy,deploy,2.8919320106506348,58,58164,0.0,0,7.659147900005337
patchtst_small,NWN,NAU,adapt,head_finetune,2.878110408782959,58,58164,2.473785299996962,30000,7.659147900005337
patchtst_small,NWN,NAU,retrain,retrain,2.8683018684387207,58,58164,7.645508699992206,90000,7.659147900005337
patchtst_small,NCA,NAU,deploy,deploy,2.965059518814087,58,58164,0.0,0,7.646099200006574
patchtst_small,NCA,NAU,adapt,head_finetune,2.9543490409851074,58,58164,2.463019200004055,30000,7.646099200006574
patchtst_small,NCA,NAU,retrain,retrain,2.8683018684387207,58,58164,7.645508699992206,90000,7.646099200006574
patchtst_small,EAS,NAU,deploy,deploy,2.898951530456543,58,58164,0.0,0,7.586061099995277
patchtst_small,EAS,NAU,adapt,head_finetune,2.8913707733154297,58,58164,2.5562101999967126,30000,7.586061099995277
patchtst_small,EAS,NAU,retrain,retrain,2.8683018684387207,58,58164,7.645508699992206,90000,7.586061099995277
patchtst_small,NEU,NEN,deploy,deploy,1.3408817052841187,51,50774,0.0,0,8.342282700003125
patchtst_small,NEU,NEN,adapt,head_finetune,1.305437684059143,51,50774,2.517699799995171,30000,8.342282700003125
patchtst_small,NEU,NEN,retrain,retrain,1.2980356216430664,51,50774,7.649393999992753,90000,8.342282700003125
patchtst_small,WCE,NEN,deploy,deploy,1.318536400794983,51,50774,0.0,0,7.843918500002474
patchtst_small,WCE,NEN,adapt,head_finetune,1.2993762493133545,51,50774,2.469804899999872,30000,7.843918500002474
patchtst_small,WCE,NEN,retrain,retrain,1.2980356216430664,51,50774,7.649393999992753,90000,7.843918500002474
patchtst_small,WNA,NEN,deploy,deploy,1.3120098114013672,51,50774,0.0,0,7.814519100007601
patchtst_small,WNA,NEN,adapt,head_finetune,1.3039904832839966,51,50774,2.4410816000017803,30000,7.814519100007601
patchtst_small,WNA,NEN,retrain,retrain,1.2980356216430664,51,50774,7.649393999992753,90000,7.814519100007601
patchtst_small,ENA,NEN,deploy,deploy,1.2968435287475586,51,50774,0.0,0,7.824448499988648
patchtst_small,ENA,NEN,adapt,head_finetune,1.2998814582824707,51,50774,2.4832906000083312,30000,7.824448499988648
patchtst_small,ENA,NEN,retrain,retrain,1.2980356216430664,51,50774,7.649393999992753,90000,7.824448499988648
patchtst_small,CNA,NEN,deploy,deploy,1.3014103174209595,51,50774,0.0,0,7.944100799999433
patchtst_small,CNA,NEN,adapt,head_finetune,1.3011651039123535,51,50774,2.5558639999944717,30000,7.944100799999433
patchtst_small,CNA,NEN,retrain,retrain,1.2980356216430664,51,50774,7.649393999992753,90000,7.944100799999433
patchtst_small,SAU,NEN,deploy,deploy,1.2983397245407104,51,50774,0.0,0,7.70494919999328
patchtst_small,SAU,NEN,adapt,head_finetune,1.2969590425491333,51,50774,2.523877600004198,30000,7.70494919999328
patchtst_small,SAU,NEN,retrain,retrain,1.2980356216430664,51,50774,7.649393999992753,90000,7.70494919999328
patchtst_small,MED,NEN,deploy,deploy,1.303133487701416,51,50774,0.0,0,7.6854731000057654
patchtst_small,MED,NEN,adapt,head_finetune,1.2986655235290527,51,50774,2.5718070000002626,30000,7.6854731000057654
patchtst_small,MED,NEN,retrain,retrain,1.2980356216430664,51,50774,7.649393999992753,90000,7.6854731000057654
patchtst_small,EAU,NEN,deploy,deploy,1.2956008911132812,51,50774,0.0,0,7.794699599995511
patchtst_small,EAU,NEN,adapt,head_finetune,1.2984249591827393,51,50774,2.63506580000103,30000,7.794699599995511
patchtst_small,EAU,NEN,retrain,retrain,1.2980356216430664,51,50774,7.649393999992753,90000,7.794699599995511
patchtst_small,NWN,NEN,deploy,deploy,1.3086254596710205,51,50774,0.0,0,7.659147900005337
patchtst_small,NWN,NEN,adapt,head_finetune,1.3004390001296997,51,50774,2.5273433000111254,30000,7.659147900005337
patchtst_small,NWN,NEN,retrain,retrain,1.2980356216430664,51,50774,7.649393999992753,90000,7.659147900005337
patchtst_small,NCA,NEN,deploy,deploy,1.30092453956604,51,50774,0.0,0,7.646099200006574
patchtst_small,NCA,NEN,adapt,head_finetune,1.301329255104065,51,50774,2.485659499987378,30000,7.646099200006574
patchtst_small,NCA,NEN,retrain,retrain,1.2980356216430664,51,50774,7.649393999992753,90000,7.646099200006574
patchtst_small,EAS,NEN,deploy,deploy,1.309400200843811,51,50774,0.0,0,7.586061099995277
patchtst_small,EAS,NEN,adapt,head_finetune,1.3017611503601074,51,50774,2.4605585999961477,30000,7.586061099995277
patchtst_small,EAS,NEN,retrain,retrain,1.2980356216430664,51,50774,7.649393999992753,90000,7.586061099995277
patchtst_small,NEU,ESB,deploy,deploy,1.3193912506103516,39,33411,0.0,0,8.342282700003125
patchtst_small,NEU,ESB,adapt,head_finetune,1.2897897958755493,39,33411,2.295170600002166,27258,8.342282700003125
patchtst_small,NEU,ESB,retrain,retrain,1.2946239709854126,39,33411,7.640740300004836,90000,8.342282700003125
patchtst_small,WCE,ESB,deploy,deploy,1.3019074201583862,39,33411,0.0,0,7.843918500002474
patchtst_small,WCE,ESB,adapt,head_finetune,1.2938734292984009,39,33411,2.303287200003979,27258,7.843918500002474
patchtst_small,WCE,ESB,retrain,retrain,1.2946239709854126,39,33411,7.640740300004836,90000,7.843918500002474
patchtst_small,WNA,ESB,deploy,deploy,1.3021613359451294,39,33411,0.0,0,7.814519100007601
patchtst_small,WNA,ESB,adapt,head_finetune,1.3020765781402588,39,33411,2.274362199997995,27258,7.814519100007601
patchtst_small,WNA,ESB,retrain,retrain,1.2946239709854126,39,33411,7.640740300004836,90000,7.814519100007601
patchtst_small,ENA,ESB,deploy,deploy,1.292949914932251,39,33411,0.0,0,7.824448499988648
patchtst_small,ENA,ESB,adapt,head_finetune,1.2890974283218384,39,33411,2.2942367999930866,27258,7.824448499988648
patchtst_small,ENA,ESB,retrain,retrain,1.2946239709854126,39,33411,7.640740300004836,90000,7.824448499988648
patchtst_small,CNA,ESB,deploy,deploy,1.2990527153015137,39,33411,0.0,0,7.944100799999433
patchtst_small,CNA,ESB,adapt,head_finetune,1.2915525436401367,39,33411,2.5049661000084598,27258,7.944100799999433
patchtst_small,CNA,ESB,retrain,retrain,1.2946239709854126,39,33411,7.640740300004836,90000,7.944100799999433
patchtst_small,SAU,ESB,deploy,deploy,1.2869499921798706,39,33411,0.0,0,7.70494919999328
patchtst_small,SAU,ESB,adapt,head_finetune,1.287730097770691,39,33411,2.414563199999975,27258,7.70494919999328
patchtst_small,SAU,ESB,retrain,retrain,1.2946239709854126,39,33411,7.640740300004836,90000,7.70494919999328
patchtst_small,MED,ESB,deploy,deploy,1.2895632982254028,39,33411,0.0,0,7.6854731000057654
patchtst_small,MED,ESB,adapt,head_finetune,1.2895137071609497,39,33411,2.4908527999941725,27258,7.6854731000057654
patchtst_small,MED,ESB,retrain,retrain,1.2946239709854126,39,33411,7.640740300004836,90000,7.6854731000057654
patchtst_small,EAU,ESB,deploy,deploy,1.2880300283432007,39,33411,0.0,0,7.794699599995511
patchtst_small,EAU,ESB,adapt,head_finetune,1.2896251678466797,39,33411,2.466691699999501,27258,7.794699599995511
patchtst_small,EAU,ESB,retrain,retrain,1.2946239709854126,39,33411,7.640740300004836,90000,7.794699599995511
patchtst_small,NWN,ESB,deploy,deploy,1.2945042848587036,39,33411,0.0,0,7.659147900005337
patchtst_small,NWN,ESB,adapt,head_finetune,1.2913943529129028,39,33411,2.442898500012234,27258,7.659147900005337
patchtst_small,NWN,ESB,retrain,retrain,1.2946239709854126,39,33411,7.640740300004836,90000,7.659147900005337
patchtst_small,NCA,ESB,deploy,deploy,1.2973155975341797,39,33411,0.0,0,7.646099200006574
patchtst_small,NCA,ESB,adapt,head_finetune,1.2902535200119019,39,33411,2.4499018999922555,27258,7.646099200006574
patchtst_small,NCA,ESB,retrain,retrain,1.2946239709854126,39,33411,7.640740300004836,90000,7.646099200006574
patchtst_small,EAS,ESB,deploy,deploy,1.291731595993042,39,33411,0.0,0,7.586061099995277
patchtst_small,EAS,ESB,adapt,head_finetune,1.2880733013153076,39,33411,2.3604995000059716,27258,7.586061099995277
patchtst_small,EAS,ESB,retrain,retrain,1.2946239709854126,39,33411,7.640740300004836,90000,7.586061099995277
patchtst_small,NEU,RFE,deploy,deploy,1.7046751976013184,37,31312,0.0,0,8.342282700003125
patchtst_small,NEU,RFE,adapt,head_finetune,1.6826789379119873,37,31312,2.323480199993355,25791,8.342282700003125
patchtst_small,NEU,RFE,retrain,retrain,1.6775758266448975,37,31312,7.650720000005094,90000,8.342282700003125
patchtst_small,WCE,RFE,deploy,deploy,1.6856361627578735,37,31312,0.0,0,7.843918500002474
patchtst_small,WCE,RFE,adapt,head_finetune,1.6812745332717896,37,31312,2.189849199989112,25791,7.843918500002474
patchtst_small,WCE,RFE,retrain,retrain,1.6775758266448975,37,31312,7.650720000005094,90000,7.843918500002474
patchtst_small,WNA,RFE,deploy,deploy,1.6910288333892822,37,31312,0.0,0,7.814519100007601
patchtst_small,WNA,RFE,adapt,head_finetune,1.6944862604141235,37,31312,2.274778899998637,25791,7.814519100007601
patchtst_small,WNA,RFE,retrain,retrain,1.6775758266448975,37,31312,7.650720000005094,90000,7.814519100007601
patchtst_small,ENA,RFE,deploy,deploy,1.6807843446731567,37,31312,0.0,0,7.824448499988648
patchtst_small,ENA,RFE,adapt,head_finetune,1.6742091178894043,37,31312,2.2078873999998905,25791,7.824448499988648
patchtst_small,ENA,RFE,retrain,retrain,1.6775758266448975,37,31312,7.650720000005094,90000,7.824448499988648
patchtst_small,CNA,RFE,deploy,deploy,1.6885579824447632,37,31312,0.0,0,7.944100799999433
patchtst_small,CNA,RFE,adapt,head_finetune,1.6766319274902344,37,31312,2.2886065999919083,25791,7.944100799999433
patchtst_small,CNA,RFE,retrain,retrain,1.6775758266448975,37,31312,7.650720000005094,90000,7.944100799999433
patchtst_small,SAU,RFE,deploy,deploy,1.6705166101455688,37,31312,0.0,0,7.70494919999328
patchtst_small,SAU,RFE,adapt,head_finetune,1.6742645502090454,37,31312,2.2913709999993443,25791,7.70494919999328
patchtst_small,SAU,RFE,retrain,retrain,1.6775758266448975,37,31312,7.650720000005094,90000,7.70494919999328
patchtst_small,MED,RFE,deploy,deploy,1.6722875833511353,37,31312,0.0,0,7.6854731000057654
patchtst_small,MED,RFE,adapt,head_finetune,1.6721668243408203,37,31312,2.280173899998772,25791,7.6854731000057654
patchtst_small,MED,RFE,retrain,retrain,1.6775758266448975,37,31312,7.650720000005094,90000,7.6854731000057654
patchtst_small,EAU,RFE,deploy,deploy,1.671169400215149,37,31312,0.0,0,7.794699599995511
patchtst_small,EAU,RFE,adapt,head_finetune,1.6788924932479858,37,31312,2.302792899994529,25791,7.794699599995511
patchtst_small,EAU,RFE,retrain,retrain,1.6775758266448975,37,31312,7.650720000005094,90000,7.794699599995511
patchtst_small,NWN,RFE,deploy,deploy,1.6793452501296997,37,31312,0.0,0,7.659147900005337
patchtst_small,NWN,RFE,adapt,head_finetune,1.679356336593628,37,31312,2.2078490999992937,25791,7.659147900005337
patchtst_small,NWN,RFE,retrain,retrain,1.6775758266448975,37,31312,7.650720000005094,90000,7.659147900005337
patchtst_small,NCA,RFE,deploy,deploy,1.686875581741333,37,31312,0.0,0,7.646099200006574
patchtst_small,NCA,RFE,adapt,head_finetune,1.6755168437957764,37,31312,2.2702584999933606,25791,7.646099200006574
patchtst_small,NCA,RFE,retrain,retrain,1.6775758266448975,37,31312,7.650720000005094,90000,7.646099200006574
patchtst_small,EAS,RFE,deploy,deploy,1.6781963109970093,37,31312,0.0,0,7.586061099995277
patchtst_small,EAS,RFE,adapt,head_finetune,1.676863431930542,37,31312,2.2675732000061544,25791,7.586061099995277
patchtst_small,EAS,RFE,retrain,retrain,1.6775758266448975,37,31312,7.650720000005094,90000,7.586061099995277
