model,source_region,target_region,action,mae_2023_2025,n_test_stations,n_test_observations,action_fit_seconds,n_action_training_observations,adapt_intercept_log1p,adapt_slope_log1p,source_training_seconds_sunk
spatial_knn_ridge,NEU,WCE,deploy,2.397602029681206,1000,1092580,0.0,0,,,0.5056327000056626
spatial_knn_ridge,NEU,WCE,adapt,2.3733843129873278,1000,1092580,0.0019982000085292384,60000,0.02080059051513672,0.886833906173706,0.5056327000056626
spatial_knn_ridge,NEU,WCE,retrain,2.386439118385315,1000,1092580,0.46817760000703856,120000,,,0.5056327000056626
spatial_knn_ridge,NEU,WNA,deploy,2.3369611476017877,975,1063046,0.0,0,,,0.5056327000056626
spatial_knn_ridge,NEU,WNA,adapt,2.2200152686314705,975,1063046,0.0016830000095069408,60000,-0.29989755153656006,1.3275645971298218,0.5056327000056626
spatial_knn_ridge,NEU,WNA,retrain,2.2216148833128124,975,1063046,0.46404969999275636,120000,,,0.5056327000056626
spatial_knn_ridge,NEU,ENA,deploy,3.347433947055276,522,565907,0.0,0,,,0.5056327000056626
spatial_knn_ridge,NEU,ENA,adapt,3.3354357768749368,522,565907,0.0016754000098444521,60000,0.1322762370109558,0.7693502306938171,0.5056327000056626
spatial_knn_ridge,NEU,ENA,retrain,3.3073838761939856,522,565907,0.3404669000010472,120000,,,0.5056327000056626
spatial_knn_ridge,NEU,CNA,deploy,2.577561557837273,438,475057,0.0,0,,,0.5056327000056626
spatial_knn_ridge,NEU,CNA,adapt,2.4508137142277198,438,475057,0.0017735000001266599,60000,-0.0710652768611908,0.8914839625358582,0.5056327000056626
spatial_knn_ridge,NEU,CNA,retrain,2.417191463382277,438,475057,0.32375900000624824,120000,,,0.5056327000056626
spatial_knn_ridge,NEU,SAU,deploy,1.9343646093990727,351,379054,0.0,0,,,0.5056327000056626
spatial_knn_ridge,NEU,SAU,adapt,1.8277495421914973,351,379054,0.0015947999927448109,60000,-0.084998220205307,0.924724817276001,0.5056327000056626
spatial_knn_ridge,NEU,SAU,retrain,1.8284593691513409,351,379054,0.312544300002628,120000,,,0.5056327000056626
spatial_knn_ridge,NEU,MED,deploy,2.0673187158820108,328,357580,0.0,0,,,0.5056327000056626
spatial_knn_ridge,NEU,MED,adapt,1.924552284181118,328,357580,0.001628900005016476,60000,-0.25358879566192627,1.1920384168624878,0.5056327000056626
spatial_knn_ridge,NEU,MED,retrain,1.9147385309745626,328,357580,0.29117200001201127,120000,,,0.5056327000056626
spatial_knn_ridge,NEU,EAU,deploy,2.7447736327578913,241,260224,0.0,0,,,0.5056327000056626
spatial_knn_ridge,NEU,EAU,adapt,2.620953343715905,241,260224,0.0019437000009929761,60000,-0.17069882154464722,1.0561091899871826,0.5056327000056626
spatial_knn_ridge,NEU,EAU,retrain,2.633165822978831,241,260224,0.26200169998628553,120000,,,0.5056327000056626
spatial_knn_ridge,NEU,NWN,deploy,2.6393143612830365,183,191293,0.0,0,,,0.5056327000056626
spatial_knn_ridge,NEU,NWN,adapt,2.514903786729594,183,191293,0.0013658999960171059,60000,-0.4015722870826721,1.5493338108062744,0.5056327000056626
spatial_knn_ridge,NEU,NWN,retrain,2.508383575032969,183,191293,0.24159599999256898,120000,,,0.5056327000056626
spatial_knn_ridge,NEU,NCA,deploy,1.4041563032401934,144,154432,0.0,0,,,0.5056327000056626
spatial_knn_ridge,NEU,NCA,adapt,1.1247435123142269,144,154432,0.001450199997634627,60000,-0.34108516573905945,1.169796109199524,0.5056327000056626
spatial_knn_ridge,NEU,NCA,retrain,1.1164610642525885,144,154432,0.24943950001033954,120000,,,0.5056327000056626
spatial_knn_ridge,NEU,EAS,deploy,6.525698861208829,110,113134,0.0,0,,,0.5056327000056626
spatial_knn_ridge,NEU,EAS,adapt,6.515297920053656,110,113134,0.0014764000079594553,60000,-0.10986816883087158,1.2186917066574097,0.5056327000056626
spatial_knn_ridge,NEU,EAS,retrain,6.499321603775025,110,113134,0.22575959999812767,120000,,,0.5056327000056626
spatial_knn_ridge,WCE,NEU,deploy,2.463074646413326,1000,1092528,0.0,0,,,0.46817760000703856
spatial_knn_ridge,WCE,NEU,adapt,2.461538854956627,1000,1092528,0.001642799994442612,60000,-0.08830320835113525,1.184204339981079,0.46817760000703856
spatial_knn_ridge,WCE,NEU,retrain,2.46648766708374,1000,1092528,0.5056327000056626,120000,,,0.46817760000703856
spatial_knn_ridge,WCE,WNA,deploy,2.3432575275347785,975,1063046,0.0,0,,,0.46817760000703856
spatial_knn_ridge,WCE,WNA,adapt,2.2185442758829166,975,1063046,0.0018757000070763752,60000,-0.3943136930465698,1.54657781124115,0.46817760000703856
spatial_knn_ridge,WCE,WNA,retrain,2.2216148833128124,975,1063046,0.46404969999275636,120000,,,0.46817760000703856
spatial_knn_ridge,WCE,ENA,deploy,3.317275675320534,522,565907,0.0,0,,,0.46817760000703856
spatial_knn_ridge,WCE,ENA,adapt,3.329698740294153,522,565907,0.001559700001962483,60000,0.0659334659576416,0.9133601784706116,0.46817760000703856
spatial_knn_ridge,WCE,ENA,retrain,3.3073838761939856,522,565907,0.3404669000010472,120000,,,0.46817760000703856
spatial_knn_ridge,WCE,CNA,deploy,2.5534622315402444,438,475057,0.0,0,,,0.46817760000703856
spatial_knn_ridge,WCE,CNA,adapt,2.4408415524654736,438,475057,0.0016149000002769753,60000,-0.13959196209907532,1.0381863117218018,0.46817760000703856
spatial_knn_ridge,WCE,CNA,retrain,2.417191463382277,438,475057,0.32375900000624824,120000,,,0.46817760000703856
spatial_knn_ridge,WCE,SAU,deploy,1.917719764417393,351,379054,0.0,0,,,0.46817760000703856
spatial_knn_ridge,WCE,SAU,adapt,1.8280754912952413,351,379054,0.001711699995212257,60000,-0.1556444764137268,1.0936412811279297,0.46817760000703856
spatial_knn_ridge,WCE,SAU,retrain,1.8284593691513409,351,379054,0.312544300002628,120000,,,0.46817760000703856
spatial_knn_ridge,WCE,MED,deploy,2.0548135681850153,328,357580,0.0,0,,,0.46817760000703856
spatial_knn_ridge,WCE,MED,adapt,1.9215631671249866,328,357580,0.0018888999911723658,60000,-0.33764874935150146,1.3915287256240845,0.46817760000703856
spatial_knn_ridge,WCE,MED,retrain,1.9147385309745626,328,357580,0.29117200001201127,120000,,,0.46817760000703856
spatial_knn_ridge,WCE,EAU,deploy,2.730177490543033,241,260224,0.0,0,,,0.46817760000703856
spatial_knn_ridge,WCE,EAU,adapt,2.616817348230924,241,260224,0.0016540000069653615,60000,-0.24742662906646729,1.2333574295043945,0.46817760000703856
spatial_knn_ridge,WCE,EAU,retrain,2.633165822978831,241,260224,0.26200169998628553,120000,,,0.46817760000703856
spatial_knn_ridge,WCE,NWN,deploy,2.650514119309806,183,191293,0.0,0,,,0.46817760000703856
spatial_knn_ridge,WCE,NWN,adapt,2.522105069108348,183,191293,0.0014174999960232526,60000,-0.49570953845977783,1.786733627319336,0.46817760000703856
spatial_knn_ridge,WCE,NWN,retrain,2.508383575032969,183,191293,0.24159599999256898,120000,,,0.46817760000703856
spatial_knn_ridge,WCE,NCA,deploy,1.3934959951374266,144,154432,0.0,0,,,0.46817760000703856
spatial_knn_ridge,WCE,NCA,adapt,1.1233290555990405,144,154432,0.0015104999911272898,60000,-0.4374668002128601,1.4044643640518188,0.46817760000703856
spatial_knn_ridge,WCE,NCA,retrain,1.1164610642525885,144,154432,0.24943950001033954,120000,,,0.46817760000703856
spatial_knn_ridge,WCE,EAS,deploy,6.542064341631803,110,113134,0.0,0,,,0.46817760000703856
spatial_knn_ridge,WCE,EAS,adapt,6.515472173690796,110,113134,0.001450499999918975,60000,-0.20000141859054565,1.4476089477539062,0.46817760000703856
spatial_knn_ridge,WCE,EAS,retrain,6.499321603775025,110,113134,0.22575959999812767,120000,,,0.46817760000703856
spatial_knn_ridge,WNA,NEU,deploy,2.4222288066744806,1000,1092528,0.0,0,,,0.46404969999275636
spatial_knn_ridge,WNA,NEU,adapt,2.46303684091568,1000,1092528,0.0018511000089347363,60000,0.22007444500923157,0.7373666167259216,0.46404969999275636
spatial_knn_ridge,WNA,NEU,retrain,2.46648766708374,1000,1092528,0.5056327000056626,120000,,,0.46404969999275636
spatial_knn_ridge,WNA,WCE,deploy,2.3598347297906876,1000,1092580,0.0,0,,,0.46404969999275636
spatial_knn_ridge,WNA,WCE,adapt,2.379730138659477,1000,1092580,0.0016859000024851412,60000,0.2435474991798401,0.629597544670105,0.46404969999275636
spatial_knn_ridge,WNA,WCE,retrain,2.386439118385315,1000,1092580,0.46817760000703856,120000,,,0.46404969999275636
spatial_knn_ridge,WNA,ENA,deploy,3.2996388198772153,522,565907,0.0,0,,,0.46404969999275636
spatial_knn_ridge,WNA,ENA,adapt,3.319181407091718,522,565907,0.0014783000078750774,60000,0.2998749613761902,0.5525039434432983,0.46404969999275636
spatial_knn_ridge,WNA,ENA,retrain,3.3073838761939856,522,565907,0.3404669000010472,120000,,,0.46404969999275636
spatial_knn_ridge,WNA,CNA,deploy,2.4723664973968784,438,475057,0.0,0,,,0.46404969999275636
spatial_knn_ridge,WNA,CNA,adapt,2.4424277414742126,438,475057,0.0016199999954551458,60000,0.1278223693370819,0.6616798043251038,0.46404969999275636
spatial_knn_ridge,WNA,CNA,retrain,2.417191463382277,438,475057,0.32375900000624824,120000,,,0.46404969999275636
spatial_knn_ridge,WNA,SAU,deploy,1.8517371011935069,351,379054,0.0,0,,,0.46404969999275636
spatial_knn_ridge,WNA,SAU,adapt,1.8260236467391338,351,379054,0.001604699995368719,60000,0.13519814610481262,0.6540108919143677,0.46404969999275636
spatial_knn_ridge,WNA,SAU,retrain,1.8284593691513409,351,379054,0.312544300002628,120000,,,0.46404969999275636
spatial_knn_ridge,WNA,MED,deploy,1.9518699631458376,328,357580,0.0,0,,,0.46404969999275636
spatial_knn_ridge,WNA,MED,adapt,1.9202073209169435,328,357580,0.001596300004166551,60000,0.02217152714729309,0.8629148602485657,0.46404969999275636
spatial_knn_ridge,WNA,MED,retrain,1.9147385309745626,328,357580,0.29117200001201127,120000,,,0.46404969999275636
spatial_knn_ridge,WNA,EAU,deploy,2.6442185269351817,241,260224,0.0,0,,,0.46404969999275636
spatial_knn_ridge,WNA,EAU,adapt,2.6184020250170064,241,260224,0.0016503999941051006,60000,0.07483014464378357,0.7673262357711792,0.46404969999275636
spatial_knn_ridge,WNA,EAU,retrain,2.633165822978831,241,260224,0.26200169998628553,120000,,,0.46404969999275636
spatial_knn_ridge,WNA,NWN,deploy,2.5322707253075687,183,191293,0.0,0,,,0.46404969999275636
spatial_knn_ridge,WNA,NWN,adapt,2.5274730806793673,183,191293,0.0014708999951835722,60000,-0.03289902210235596,1.108240008354187,0.46404969999275636
spatial_knn_ridge,WNA,NWN,retrain,2.508383575032969,183,191293,0.24159599999256898,120000,,,0.46404969999275636
spatial_knn_ridge,WNA,NCA,deploy,1.2331779466734991,144,154432,0.0,0,,,0.46404969999275636
spatial_knn_ridge,WNA,NCA,adapt,1.1220846933623154,144,154432,0.001451499992981553,60000,-0.0790022760629654,0.8945200443267822,0.46404969999275636
spatial_knn_ridge,WNA,NCA,retrain,1.1164610642525885,144,154432,0.24943950001033954,120000,,,0.46404969999275636
spatial_knn_ridge,WNA,EAS,deploy,6.4273032145066695,110,113134,0.0,0,,,0.46404969999275636
spatial_knn_ridge,WNA,EAS,adapt,6.510297380794178,110,113134,0.0014100999978836626,60000,0.16042757034301758,0.9198381900787354,0.46404969999275636
spatial_knn_ridge,WNA,EAS,retrain,6.499321603775025,110,113134,0.22575959999812767,120000,,,0.46404969999275636
spatial_knn_ridge,ENA,NEU,deploy,2.471760552048683,1000,1092528,0.0,0,,,0.3404669000010472
spatial_knn_ridge,ENA,NEU,adapt,2.4701765607595445,1000,1092528,0.0015541000029770657,60000,-0.08285695314407349,1.168274164199829,0.3404669000010472
spatial_knn_ridge,ENA,NEU,retrain,2.46648766708374,1000,1092528,0.5056327000056626,120000,,,0.3404669000010472
spatial_knn_ridge,ENA,WCE,deploy,2.3934204506874086,1000,1092580,0.0,0,,,0.3404669000010472
spatial_knn_ridge,ENA,WCE,adapt,2.3793599561452865,1000,1092580,0.0017411000007996336,60000,-0.025256216526031494,0.9997227191925049,0.3404669000010472
spatial_knn_ridge,ENA,WCE,retrain,2.386439118385315,1000,1092580,0.46817760000703856,120000,,,0.3404669000010472
spatial_knn_ridge,ENA,WNA,deploy,2.3599549429233257,975,1063046,0.0,0,,,0.3404669000010472
spatial_knn_ridge,ENA,WNA,adapt,2.241582370293446,975,1063046,0.001715999998850748,60000,-0.37547409534454346,1.493105173110962,0.3404669000010472
spatial_knn_ridge,ENA,WNA,retrain,2.2216148833128124,975,1063046,0.46404969999275636,120000,,,0.3404669000010472
spatial_knn_ridge,ENA,CNA,deploy,2.5469583678463277,438,475057,0.0,0,,,0.3404669000010472
spatial_knn_ridge,ENA,CNA,adapt,2.4342239458267003,438,475057,0.0016391999961342663,60000,-0.20498085021972656,1.1654548645019531,0.3404669000010472
spatial_knn_ridge,ENA,CNA,retrain,2.417191463382277,438,475057,0.32375900000624824,120000,,,0.3404669000010472
spatial_knn_ridge,ENA,SAU,deploy,1.926213148312691,351,379054,0.0,0,,,0.3404669000010472
spatial_knn_ridge,ENA,SAU,adapt,1.833388374232159,351,379054,0.0016170000017154962,60000,-0.14891430735588074,1.0723663568496704,0.3404669000010472
spatial_knn_ridge,ENA,SAU,retrain,1.8284593691513409,351,379054,0.312544300002628,120000,,,0.3404669000010472
spatial_knn_ridge,ENA,MED,deploy,2.067911823530023,328,357580,0.0,0,,,0.3404669000010472
spatial_knn_ridge,ENA,MED,adapt,1.9354171576659853,328,357580,0.001641299997572787,60000,-0.3246710002422333,1.3613861799240112,0.3404669000010472
spatial_knn_ridge,ENA,MED,retrain,1.9147385309745626,328,357580,0.29117200001201127,120000,,,0.3404669000010472
spatial_knn_ridge,ENA,EAU,deploy,2.738392193782379,241,260224,0.0,0,,,0.3404669000010472
spatial_knn_ridge,ENA,EAU,adapt,2.6260513393710756,241,260224,0.0017896999925142154,60000,-0.2638634145259857,1.2668201923370361,0.3404669000010472
spatial_knn_ridge,ENA,EAU,retrain,2.633165822978831,241,260224,0.26200169998628553,120000,,,0.3404669000010472
spatial_knn_ridge,ENA,NWN,deploy,2.682965823210002,183,191293,0.0,0,,,0.3404669000010472
spatial_knn_ridge,ENA,NWN,adapt,2.600755618895338,183,191293,0.0013762000016868114,60000,-0.38497745990753174,1.5896583795547485,0.3404669000010472
spatial_knn_ridge,ENA,NWN,retrain,2.508383575032969,183,191293,0.24159599999256898,120000,,,0.3404669000010472
spatial_knn_ridge,ENA,NCA,deploy,1.4005323160025809,144,154432,0.0,0,,,0.3404669000010472
spatial_knn_ridge,ENA,NCA,adapt,1.1259337856123846,144,154432,0.0015811999910511076,60000,-0.447750061750412,1.414487361907959,0.3404669000010472
spatial_knn_ridge,ENA,NCA,retrain,1.1164610642525885,144,154432,0.24943950001033954,120000,,,0.3404669000010472
spatial_knn_ridge,ENA,EAS,deploy,6.569211402806369,110,113134,0.0,0,,,0.3404669000010472
spatial_knn_ridge,ENA,EAS,adapt,6.534654712677002,110,113134,0.0015235000028042123,60000,-0.2524276375770569,1.5438090562820435,0.3404669000010472
spatial_knn_ridge,ENA,EAS,retrain,6.499321603775025,110,113134,0.22575959999812767,120000,,,0.3404669000010472
spatial_knn_ridge,CNA,NEU,deploy,2.408240775346756,1000,1092528,0.0,0,,,0.32375900000624824
spatial_knn_ridge,CNA,NEU,adapt,2.465188248872757,1000,1092528,0.002098799988743849,60000,0.1198587417602539,1.0662550926208496,0.32375900000624824
spatial_knn_ridge,CNA,NEU,retrain,2.46648766708374,1000,1092528,0.5056327000056626,120000,,,0.32375900000624824
spatial_knn_ridge,CNA,WCE,deploy,2.3195907675027847,1000,1092580,0.0,0,,,0.32375900000624824
spatial_knn_ridge,CNA,WCE,adapt,2.3778734971284865,1000,1092580,0.0018344999989494681,60000,0.16282525658607483,0.885761559009552,0.32375900000624824
spatial_knn_ridge,CNA,WCE,retrain,2.386439118385315,1000,1092580,0.46817760000703856,120000,,,0.32375900000624824
spatial_knn_ridge,CNA,WNA,deploy,2.2479590166226413,975,1063046,0.0,0,,,0.32375900000624824
spatial_knn_ridge,CNA,WNA,adapt,2.2365193813886397,975,1063046,0.00175350000790786,60000,-0.08985477685928345,1.3173234462738037,0.32375900000624824
spatial_knn_ridge,CNA,WNA,retrain,2.2216148833128124,975,1063046,0.46404969999275636,120000,,,0.32375900000624824
spatial_knn_ridge,CNA,ENA,deploy,3.217380001398795,522,565907,0.0,0,,,0.32375900000624824
spatial_knn_ridge,CNA,ENA,adapt,3.3186913237717874,522,565907,0.0015832999924896285,60000,0.2123183310031891,0.8462541103363037,0.32375900000624824
spatial_knn_ridge,CNA,ENA,retrain,3.3073838761939856,522,565907,0.3404669000010472,120000,,,0.32375900000624824
spatial_knn_ridge,CNA,SAU,deploy,1.8077956682596452,351,379054,0.0,0,,,0.32375900000624824
spatial_knn_ridge,CNA,SAU,adapt,1.831599124476441,351,379054,0.0016774999967310578,60000,0.0543576180934906,0.9401178359985352,0.32375900000624824
spatial_knn_ridge,CNA,SAU,retrain,1.8284593691513409,351,379054,0.312544300002628,120000,,,0.32375900000624824
spatial_knn_ridge,CNA,MED,deploy,1.9342780127757933,328,357580,0.0,0,,,0.32375900000624824
spatial_knn_ridge,CNA,MED,adapt,1.9337468854174382,328,357580,0.0017382999940309674,60000,-0.05508685111999512,1.1550146341323853,0.32375900000624824
spatial_knn_ridge,CNA,MED,retrain,1.9147385309745626,328,357580,0.29117200001201127,120000,,,0.32375900000624824
spatial_knn_ridge,CNA,EAU,deploy,2.6139430633719036,241,260224,0.0,0,,,0.32375900000624824
spatial_knn_ridge,CNA,EAU,adapt,2.624820133957131,241,260224,0.0016494000010425225,60000,-0.01205211877822876,1.0731656551361084,0.32375900000624824
spatial_knn_ridge,CNA,EAU,retrain,2.633165822978831,241,260224,0.26200169998628553,120000,,,0.32375900000624824
spatial_knn_ridge,CNA,NWN,deploy,2.582685690108544,183,191293,0.0,0,,,0.32375900000624824
spatial_knn_ridge,CNA,NWN,adapt,2.587665040636323,183,191293,0.0014333999861264601,60000,-0.0902167558670044,1.4131584167480469,0.32375900000624824
spatial_knn_ridge,CNA,NWN,retrain,2.508383575032969,183,191293,0.24159599999256898,120000,,,0.32375900000624824
spatial_knn_ridge,CNA,NCA,deploy,1.229924715641472,144,154432,0.0,0,,,0.32375900000624824
spatial_knn_ridge,CNA,NCA,adapt,1.124915308629473,144,154432,0.0015826000017113984,60000,-0.1685139536857605,1.196394920349121,0.32375900000624824
spatial_knn_ridge,CNA,NCA,retrain,1.1164610642525885,144,154432,0.24943950001033954,120000,,,0.32375900000624824
spatial_knn_ridge,CNA,EAS,deploy,6.460856788808649,110,113134,0.0,0,,,0.32375900000624824
spatial_knn_ridge,CNA,EAS,adapt,6.5299189415845005,110,113134,0.0013371000095503405,60000,0.06322282552719116,1.2646598815917969,0.32375900000624824
spatial_knn_ridge,CNA,EAS,retrain,6.499321603775025,110,113134,0.22575959999812767,120000,,,0.32375900000624824
spatial_knn_ridge,SAU,NEU,deploy,2.415078608572483,1000,1092528,0.0,0,,,0.312544300002628
spatial_knn_ridge,SAU,NEU,adapt,2.4601020946502685,1000,1092528,0.0016514999879291281,60000,0.0787762999534607,1.0790011882781982,0.312544300002628
spatial_knn_ridge,SAU,NEU,retrain,2.46648766708374,1000,1092528,0.5056327000056626,120000,,,0.312544300002628
spatial_knn_ridge,SAU,WCE,deploy,2.3311925138235092,1000,1092580,0.0,0,,,0.312544300002628
spatial_knn_ridge,SAU,WCE,adapt,2.375004859447479,1000,1092580,0.0018353000050410628,60000,0.12454956769943237,0.9070789813995361,0.312544300002628
spatial_knn_ridge,SAU,WCE,retrain,2.386439118385315,1000,1092580,0.46817760000703856,120000,,,0.312544300002628
spatial_knn_ridge,SAU,WNA,deploy,2.260282532129532,975,1063046,0.0,0,,,0.312544300002628
spatial_knn_ridge,SAU,WNA,adapt,2.2194168288585465,975,1063046,0.0018148000090150163,60000,-0.15809711813926697,1.377489447593689,0.312544300002628
spatial_knn_ridge,SAU,WNA,retrain,2.2216148833128124,975,1063046,0.46404969999275636,120000,,,0.312544300002628
spatial_knn_ridge,SAU,ENA,deploy,3.247040984045957,522,565907,0.0,0,,,0.312544300002628
spatial_knn_ridge,SAU,ENA,adapt,3.330926466718944,522,565907,0.0015155000000959262,60000,0.21629077196121216,0.7903662919998169,0.312544300002628
spatial_knn_ridge,SAU,ENA,retrain,3.3073838761939856,522,565907,0.3404669000010472,120000,,,0.312544300002628
spatial_knn_ridge,SAU,CNA,deploy,2.4532931274202863,438,475057,0.0,0,,,0.312544300002628
spatial_knn_ridge,SAU,CNA,adapt,2.4500410754114523,438,475057,0.0018090999947162345,60000,0.014247357845306396,0.9571727514266968,0.312544300002628
spatial_knn_ridge,SAU,CNA,retrain,2.417191463382277,438,475057,0.32375900000624824,120000,,,0.312544300002628
spatial_knn_ridge,SAU,MED,deploy,1.9529607592195999,328,357580,0.0,0,,,0.312544300002628
spatial_knn_ridge,SAU,MED,adapt,1.9230920151784652,328,357580,0.001698499996564351,60000,-0.1217583417892456,1.228380560874939,0.312544300002628
spatial_knn_ridge,SAU,MED,retrain,1.9147385309745626,328,357580,0.29117200001201127,120000,,,0.312544300002628
spatial_knn_ridge,SAU,EAU,deploy,2.635463892671577,241,260224,0.0,0,,,0.312544300002628
spatial_knn_ridge,SAU,EAU,adapt,2.6212559013445844,241,260224,0.0017507000011391938,60000,-0.06057471036911011,1.1108601093292236,0.312544300002628
spatial_knn_ridge,SAU,EAU,retrain,2.633165822978831,241,260224,0.26200169998628553,120000,,,0.312544300002628
spatial_knn_ridge,SAU,NWN,deploy,2.576221117556421,183,191293,0.0,0,,,0.312544300002628
spatial_knn_ridge,SAU,NWN,adapt,2.5182728454714916,183,191293,0.0014385999966179952,60000,-0.23198366165161133,1.5952165126800537,0.312544300002628
spatial_knn_ridge,SAU,NWN,retrain,2.508383575032969,183,191293,0.24159599999256898,120000,,,0.312544300002628
spatial_knn_ridge,SAU,NCA,deploy,1.2626235249141853,144,154432,0.0,0,,,0.312544300002628
spatial_knn_ridge,SAU,NCA,adapt,1.1252258997410536,144,154432,0.0015659999917261302,60000,-0.21969036757946014,1.239160180091858,0.312544300002628
spatial_knn_ridge,SAU,NCA,retrain,1.1164610642525885,144,154432,0.24943950001033954,120000,,,0.312544300002628
spatial_knn_ridge,SAU,EAS,deploy,6.4658606507561425,110,113134,0.0,0,,,0.312544300002628
spatial_knn_ridge,SAU,EAS,adapt,6.51407438841733,110,113134,0.0014086999872233719,60000,0.017340540885925293,1.282142996788025,0.312544300002628
spatial_knn_ridge,SAU,EAS,retrain,6.499321603775025,110,113134,0.22575959999812767,120000,,,0.312544300002628
spatial_knn_ridge,MED,NEU,deploy,2.3966535065174104,1000,1092528,0.0,0,,,0.29117200001201127
spatial_knn_ridge,MED,NEU,adapt,2.46327214717865,1000,1092528,0.0016623999981675297,60000,0.19409504532814026,0.8876498341560364,0.29117200001201127
spatial_knn_ridge,MED,NEU,retrain,2.46648766708374,1000,1092528,0.5056327000056626,120000,,,0.29117200001201127
spatial_knn_ridge,MED,WCE,deploy,2.3172676112651827,1000,1092580,0.0,0,,,0.29117200001201127
spatial_knn_ridge,MED,WCE,adapt,2.3770964695215224,1000,1092580,0.0017875999910756946,60000,0.21854278445243835,0.7503744959831238,0.29117200001201127
spatial_knn_ridge,MED,WCE,retrain,2.386439118385315,1000,1092580,0.46817760000703856,120000,,,0.29117200001201127
spatial_knn_ridge,MED,WNA,deploy,2.218284407212184,975,1063046,0.0,0,,,0.29117200001201127
spatial_knn_ridge,MED,WNA,adapt,2.2196776497364046,975,1063046,0.0017234999977517873,60000,-0.030526816844940186,1.1669052839279175,0.29117200001201127
spatial_knn_ridge,MED,WNA,retrain,2.2216148833128124,975,1063046,0.46404969999275636,120000,,,0.29117200001201127
spatial_knn_ridge,MED,ENA,deploy,3.2376256872867715,522,565907,0.0,0,,,0.29117200001201127
spatial_knn_ridge,MED,ENA,adapt,3.3288544695039364,522,565907,0.0016054000006988645,60000,0.2905672490596771,0.6641508936882019,0.29117200001201127
spatial_knn_ridge,MED,ENA,retrain,3.3073838761939856,522,565907,0.3404669000010472,120000,,,0.29117200001201127
spatial_knn_ridge,MED,CNA,deploy,2.4251428413881015,438,475057,0.0,0,,,0.29117200001201127
spatial_knn_ridge,MED,CNA,adapt,2.4444030202142724,438,475057,0.0016598000074736774,60000,0.10935094952583313,0.781649649143219,0.29117200001201127
spatial_knn_ridge,MED,CNA,retrain,2.417191463382277,438,475057,0.32375900000624824,120000,,,0.29117200001201127
spatial_knn_ridge,MED,SAU,deploy,1.8027733975326234,351,379054,0.0,0,,,0.29117200001201127
spatial_knn_ridge,MED,SAU,adapt,1.8252655018089163,351,379054,0.0016460000042570755,60000,0.11108407378196716,0.7865216732025146,0.29117200001201127
spatial_knn_ridge,MED,SAU,retrain,1.8284593691513409,351,379054,0.312544300002628,120000,,,0.29117200001201127
spatial_knn_ridge,MED,EAU,deploy,2.6024529013890945,241,260224,0.0,0,,,0.29117200001201127
spatial_knn_ridge,MED,EAU,adapt,2.6199082378529908,241,260224,0.0018646000098669901,60000,0.05046328902244568,0.9209409356117249,0.29117200001201127
spatial_knn_ridge,MED,EAU,retrain,2.633165822978831,241,260224,0.26200169998628553,120000,,,0.29117200001201127
spatial_knn_ridge,MED,NWN,deploy,2.535598982553013,183,191293,0.0,0,,,0.29117200001201127
spatial_knn_ridge,MED,NWN,adapt,2.526306652631916,183,191293,0.0014974000077927485,60000,-0.06808757781982422,1.3384919166564941,0.29117200001201127
spatial_knn_ridge,MED,NWN,retrain,2.508383575032969,183,191293,0.24159599999256898,120000,,,0.29117200001201127
spatial_knn_ridge,MED,NCA,deploy,1.2080667482482061,144,154432,0.0,0,,,0.29117200001201127
spatial_knn_ridge,MED,NCA,adapt,1.1264188552482262,144,154432,0.0015582999913021922,60000,-0.10303455591201782,1.0616207122802734,0.29117200001201127
spatial_knn_ridge,MED,NCA,retrain,1.1164610642525885,144,154432,0.24943950001033954,120000,,,0.29117200001201127
spatial_knn_ridge,MED,EAS,deploy,6.42403029311787,110,113134,0.0,0,,,0.29117200001201127
spatial_knn_ridge,MED,EAS,adapt,6.509628415107727,110,113134,0.0013370000087888911,60000,0.1286221146583557,1.1135886907577515,0.29117200001201127
spatial_knn_ridge,MED,EAS,retrain,6.499321603775025,110,113134,0.22575959999812767,120000,,,0.29117200001201127
spatial_knn_ridge,EAU,NEU,deploy,2.4097651920318603,1000,1092528,0.0,0,,,0.26200169998628553
spatial_knn_ridge,EAU,NEU,adapt,2.460556004047394,1000,1092528,0.0016909999976633117,60000,0.1303592324256897,0.9594319462776184,0.26200169998628553
spatial_knn_ridge,EAU,NEU,retrain,2.46648766708374,1000,1092528,0.5056327000056626,120000,,,0.26200169998628553
spatial_knn_ridge,EAU,WCE,deploy,2.3311516423225402,1000,1092580,0.0,0,,,0.26200169998628553
spatial_knn_ridge,EAU,WCE,adapt,2.3782869026660918,1000,1092580,0.0018149999959859997,60000,0.174320250749588,0.8051907420158386,0.26200169998628553
spatial_knn_ridge,EAU,WCE,retrain,2.386439118385315,1000,1092580,0.46817760000703856,120000,,,0.26200169998628553
spatial_knn_ridge,EAU,WNA,deploy,2.2426933410840157,975,1063046,0.0,0,,,0.26200169998628553
spatial_knn_ridge,EAU,WNA,adapt,2.2163518598752145,975,1063046,0.0017711000109557062,60000,-0.09283339977264404,1.213258147239685,0.26200169998628553
spatial_knn_ridge,EAU,WNA,retrain,2.2216148833128124,975,1063046,0.46404969999275636,120000,,,0.26200169998628553
spatial_knn_ridge,EAU,ENA,deploy,3.2569982434597966,522,565907,0.0,0,,,0.26200169998628553
spatial_knn_ridge,EAU,ENA,adapt,3.329694816435891,522,565907,0.0015839999978197739,60000,0.24775823950767517,0.7116051316261292,0.26200169998628553
spatial_knn_ridge,EAU,ENA,retrain,3.3073838761939856,522,565907,0.3404669000010472,120000,,,0.26200169998628553
spatial_knn_ridge,EAU,CNA,deploy,2.4541965754336963,438,475057,0.0,0,,,0.26200169998628553
spatial_knn_ridge,EAU,CNA,adapt,2.440281007660034,438,475057,0.001793800009181723,60000,0.046409398317337036,0.8561280369758606,0.26200169998628553
spatial_knn_ridge,EAU,CNA,retrain,2.417191463382277,438,475057,0.32375900000624824,120000,,,0.26200169998628553
spatial_knn_ridge,EAU,SAU,deploy,1.8285613625477521,351,379054,0.0,0,,,0.26200169998628553
spatial_knn_ridge,EAU,SAU,adapt,1.8241961946514598,351,379054,0.001701899993349798,60000,0.04651018977165222,0.8757921457290649,0.26200169998628553
spatial_knn_ridge,EAU,SAU,retrain,1.8284593691513409,351,379054,0.312544300002628,120000,,,0.26200169998628553
spatial_knn_ridge,EAU,MED,deploy,1.949028805261705,328,357580,0.0,0,,,0.26200169998628553
spatial_knn_ridge,EAU,MED,adapt,1.9248671247283133,328,357580,0.0017301000043516979,60000,-0.06896331906318665,1.102702260017395,0.26200169998628553
spatial_knn_ridge,EAU,MED,retrain,1.9147385309745626,328,357580,0.29117200001201127,120000,,,0.26200169998628553
spatial_knn_ridge,EAU,NWN,deploy,2.5588153773318223,183,191293,0.0,0,,,0.26200169998628553
spatial_knn_ridge,EAU,NWN,adapt,2.523475359697811,183,191293,0.0015045000036479905,60000,-0.1459890604019165,1.401795506477356,0.26200169998628553
spatial_knn_ridge,EAU,NWN,retrain,2.508383575032969,183,191293,0.24159599999256898,120000,,,0.26200169998628553
spatial_knn_ridge,EAU,NCA,deploy,1.251147070278724,144,154432,0.0,0,,,0.26200169998628553
spatial_knn_ridge,EAU,NCA,adapt,1.122596971069773,144,154432,0.0015745999990031123,60000,-0.17203454673290253,1.123117208480835,0.26200169998628553
spatial_knn_ridge,EAU,NCA,retrain,1.1164610642525885,144,154432,0.24943950001033954,120000,,,0.26200169998628553
spatial_knn_ridge,EAU,EAS,deploy,6.444315199418502,110,113134,0.0,0,,,0.26200169998628553
spatial_knn_ridge,EAU,EAS,adapt,6.514714202013883,110,113134,0.001318500013439916,60000,0.08558464050292969,1.1017142534255981,0.26200169998628553
spatial_knn_ridge,EAU,EAS,retrain,6.499321603775025,110,113134,0.22575959999812767,120000,,,0.26200169998628553
spatial_knn_ridge,NWN,NEU,deploy,2.4638346800208093,1000,1092528,0.0,0,,,0.24159599999256898
spatial_knn_ridge,NWN,NEU,adapt,2.4648113743066786,1000,1092528,0.0016481999919051304,60000,0.24297434091567993,0.668211817741394,0.24159599999256898
spatial_knn_ridge,NWN,NEU,retrain,2.46648766708374,1000,1092528,0.5056327000056626,120000,,,0.24159599999256898
spatial_knn_ridge,NWN,WCE,deploy,2.409838183403015,1000,1092580,0.0,0,,,0.24159599999256898
spatial_knn_ridge,NWN,WCE,adapt,2.3769275093078615,1000,1092580,0.0017587000038474798,60000,0.25697970390319824,0.5676742792129517,0.24159599999256898
spatial_knn_ridge,NWN,WCE,retrain,2.386439118385315,1000,1092580,0.46817760000703856,120000,,,0.24159599999256898
spatial_knn_ridge,NWN,WNA,deploy,2.225076785882314,975,1063046,0.0,0,,,0.24159599999256898
spatial_knn_ridge,NWN,WNA,adapt,2.224319910024985,975,1063046,0.0017244000046048313,60000,0.06158649921417236,0.8218562602996826,0.24159599999256898
spatial_knn_ridge,NWN,WNA,retrain,2.2216148833128124,975,1063046,0.46404969999275636,120000,,,0.24159599999256898
spatial_knn_ridge,NWN,ENA,deploy,3.4104335086555775,522,565907,0.0,0,,,0.24159599999256898
spatial_knn_ridge,NWN,ENA,adapt,3.334742345344061,522,565907,0.0015342000115197152,60000,0.3427213430404663,0.45814499258995056,0.24159599999256898
spatial_knn_ridge,NWN,ENA,retrain,3.3073838761939856,522,565907,0.3404669000010472,120000,,,0.24159599999256898
spatial_knn_ridge,NWN,CNA,deploy,2.5514968718023603,438,475057,0.0,0,,,0.24159599999256898
spatial_knn_ridge,NWN,CNA,adapt,2.4563896374343193,438,475057,0.0016536000039195642,60000,0.17917856574058533,0.5272812247276306,0.24159599999256898
spatial_knn_ridge,NWN,CNA,retrain,2.417191463382277,438,475057,0.32375900000624824,120000,,,0.24159599999256898
spatial_knn_ridge,NWN,SAU,deploy,1.9027953791482497,351,379054,0.0,0,,,0.24159599999256898
spatial_knn_ridge,NWN,SAU,adapt,1.8271760123747367,351,379054,0.00172309999470599,60000,0.15597033500671387,0.5842899084091187,0.24159599999256898
spatial_knn_ridge,NWN,SAU,retrain,1.8284593691513409,351,379054,0.312544300002628,120000,,,0.24159599999256898
spatial_knn_ridge,NWN,MED,deploy,1.9932665156155098,328,357580,0.0,0,,,0.24159599999256898
spatial_knn_ridge,NWN,MED,adapt,1.926106027077611,328,357580,0.0018047000048682094,60000,0.05743229389190674,0.7528080344200134,0.24159599999256898
spatial_knn_ridge,NWN,MED,retrain,1.9147385309745626,328,357580,0.29117200001201127,120000,,,0.24159599999256898
spatial_knn_ridge,NWN,EAU,deploy,2.7081833261671897,241,260224,0.0,0,,,0.24159599999256898
spatial_knn_ridge,NWN,EAU,adapt,2.621489620307669,241,260224,0.0018085000046994537,60000,0.10567659139633179,0.6623057126998901,0.24159599999256898
spatial_knn_ridge,NWN,EAU,retrain,2.633165822978831,241,260224,0.26200169998628553,120000,,,0.24159599999256898
spatial_knn_ridge,NWN,NCA,deploy,1.2623966526654031,144,154432,0.0,0,,,0.24159599999256898
spatial_knn_ridge,NWN,NCA,adapt,1.1267682262178924,144,154432,0.0016014000138966367,60000,-0.03188195824623108,0.7226347923278809,0.24159599999256898
spatial_knn_ridge,NWN,NCA,retrain,1.1164610642525885,144,154432,0.24943950001033954,120000,,,0.24159599999256898
spatial_knn_ridge,NWN,EAS,deploy,6.557975977117365,110,113134,0.0,0,,,0.24159599999256898
spatial_knn_ridge,NWN,EAS,adapt,6.5204831253398545,110,113134,0.0013464999938150868,60000,0.22153961658477783,0.7315050363540649,0.24159599999256898
spatial_knn_ridge,NWN,EAS,retrain,6.499321603775025,110,113134,0.22575959999812767,120000,,,0.24159599999256898
spatial_knn_ridge,NCA,NEU,deploy,2.370496190905571,1000,1092528,0.0,0,,,0.24943950001033954
spatial_knn_ridge,NCA,NEU,adapt,2.4617306966781616,1000,1092528,0.001648000004934147,60000,0.28995412588119507,0.8044189214706421,0.24943950001033954
spatial_knn_ridge,NCA,NEU,retrain,2.46648766708374,1000,1092528,0.5056327000056626,120000,,,0.24943950001033954
spatial_knn_ridge,NCA,WCE,deploy,2.2868165930509567,1000,1092580,0.0,0,,,0.24943950001033954
spatial_knn_ridge,NCA,WCE,adapt,2.375963615298271,1000,1092580,0.001791999995475635,60000,0.30592721700668335,0.6617997884750366,0.24943950001033954
spatial_knn_ridge,NCA,WCE,retrain,2.386439118385315,1000,1092580,0.46817760000703856,120000,,,0.24943950001033954
spatial_knn_ridge,NCA,WNA,deploy,2.159369190839621,975,1063046,0.0,0,,,0.24943950001033954
spatial_knn_ridge,NCA,WNA,adapt,2.2234566253270858,975,1063046,0.0017692999972496182,60000,0.11062631011009216,1.0193918943405151,0.24943950001033954
spatial_knn_ridge,NCA,WNA,retrain,2.2216148833128124,975,1063046,0.46404969999275636,120000,,,0.24943950001033954
spatial_knn_ridge,NCA,ENA,deploy,3.189794472122558,522,565907,0.0,0,,,0.24943950001033954
spatial_knn_ridge,NCA,ENA,adapt,3.32684063911438,522,565907,0.0016241000121226534,60000,0.3529042601585388,0.645637035369873,0.24943950001033954
spatial_knn_ridge,NCA,ENA,retrain,3.3073838761939856,522,565907,0.3404669000010472,120000,,,0.24943950001033954
spatial_knn_ridge,NCA,CNA,deploy,2.3529008150645043,438,475057,0.0,0,,,0.24943950001033954
spatial_knn_ridge,NCA,CNA,adapt,2.4349437628162507,438,475057,0.0017612999945413321,60000,0.18613745272159576,0.7322955131530762,0.24943950001033954
spatial_knn_ridge,NCA,CNA,retrain,2.417191463382277,438,475057,0.32375900000624824,120000,,,0.24943950001033954
spatial_knn_ridge,NCA,SAU,deploy,1.7499975353224664,351,379054,0.0,0,,,0.24943950001033954
spatial_knn_ridge,NCA,SAU,adapt,1.828824240257937,351,379054,0.0017283999914070591,60000,0.2016672044992447,0.7213473916053772,0.24943950001033954
spatial_knn_ridge,NCA,SAU,retrain,1.8284593691513409,351,379054,0.312544300002628,120000,,,0.24943950001033954
spatial_knn_ridge,NCA,MED,deploy,1.8538946715615146,328,357580,0.0,0,,,0.24943950001033954
spatial_knn_ridge,NCA,MED,adapt,1.924595796662133,328,357580,0.001759699996910058,60000,0.11159539222717285,0.9351069331169128,0.24943950001033954
spatial_knn_ridge,NCA,MED,retrain,1.9147385309745626,328,357580,0.29117200001201127,120000,,,0.24943950001033954
spatial_knn_ridge,NCA,EAU,deploy,2.5423623862602898,241,260224,0.0,0,,,0.24943950001033954
spatial_knn_ridge,NCA,EAU,adapt,2.617336731234032,241,260224,0.0017534999933559448,60000,0.1509801745414734,0.8298771977424622,0.24943950001033954
spatial_knn_ridge,NCA,EAU,retrain,2.633165822978831,241,260224,0.26200169998628553,120000,,,0.24943950001033954
spatial_knn_ridge,NCA,NWN,deploy,2.4960463571418177,183,191293,0.0,0,,,0.24943950001033954
spatial_knn_ridge,NCA,NWN,adapt,2.543452854690656,183,191293,0.0014688999945065007,60000,0.08893680572509766,1.1731319427490234,0.24943950001033954
spatial_knn_ridge,NCA,NWN,retrain,2.508383575032969,183,191293,0.24159599999256898,120000,,,0.24943950001033954
spatial_knn_ridge,NCA,EAS,deploy,6.3731280738657174,110,113134,0.0,0,,,0.24943950001033954
spatial_knn_ridge,NCA,EAS,adapt,6.514085654778914,110,113134,0.0011971000058110803,60000,0.25692954659461975,0.9765452146530151,0.24943950001033954
spatial_knn_ridge,NCA,EAS,retrain,6.499321603775025,110,113134,0.22575959999812767,120000,,,0.24943950001033954
spatial_knn_ridge,EAS,NEU,deploy,2.4656253309249876,1000,1092528,0.0,0,,,0.22575959999812767
spatial_knn_ridge,EAS,NEU,adapt,2.4586510813236235,1000,1092528,0.0016564999968977645,60000,0.08252006769180298,0.8428319692611694,0.22575959999812767
spatial_knn_ridge,EAS,NEU,retrain,2.46648766708374,1000,1092528,0.5056327000056626,120000,,,0.22575959999812767
spatial_knn_ridge,EAS,WCE,deploy,2.4074885877370833,1000,1092580,0.0,0,,,0.22575959999812767
spatial_knn_ridge,EAS,WCE,adapt,2.3751065059900283,1000,1092580,0.001881500007584691,60000,0.13091886043548584,0.7075304985046387,0.22575959999812767
spatial_knn_ridge,EAS,WCE,retrain,2.386439118385315,1000,1092580,0.46817760000703856,120000,,,0.22575959999812767
spatial_knn_ridge,EAS,WNA,deploy,2.300988016006274,975,1063046,0.0,0,,,0.22575959999812767
spatial_knn_ridge,EAS,WNA,adapt,2.220914562787765,975,1063046,0.001814799994463101,60000,-0.13809949159622192,1.0583577156066895,0.22575959999812767
spatial_knn_ridge,EAS,WNA,retrain,2.2216148833128124,975,1063046,0.46404969999275636,120000,,,0.22575959999812767
spatial_knn_ridge,EAS,ENA,deploy,3.374353400363776,522,565907,0.0,0,,,0.22575959999812767
spatial_knn_ridge,EAS,ENA,adapt,3.334283097950435,522,565907,0.001594800007296726,60000,0.21899357438087463,0.6218003630638123,0.22575959999812767
spatial_knn_ridge,EAS,ENA,retrain,3.3073838761939856,522,565907,0.3404669000010472,120000,,,0.22575959999812767
spatial_knn_ridge,EAS,CNA,deploy,2.5768176714579263,438,475057,0.0,0,,,0.22575959999812767
spatial_knn_ridge,EAS,CNA,adapt,2.4446629680455003,438,475057,0.0016670999902999029,60000,0.03796890377998352,0.6953690648078918,0.22575959999812767
spatial_knn_ridge,EAS,CNA,retrain,2.417191463382277,438,475057,0.32375900000624824,120000,,,0.22575959999812767
spatial_knn_ridge,EAS,SAU,deploy,1.9337425943453428,351,379054,0.0,0,,,0.22575959999812767
spatial_knn_ridge,EAS,SAU,adapt,1.8277810480859544,351,379054,0.0017687000072328374,60000,0.023512452840805054,0.7439451813697815,0.22575959999812767
spatial_knn_ridge,EAS,SAU,retrain,1.8284593691513409,351,379054,0.312544300002628,120000,,,0.22575959999812767
spatial_knn_ridge,EAS,MED,deploy,2.0497896849382213,328,357580,0.0,0,,,0.22575959999812767
spatial_knn_ridge,EAS,MED,adapt,1.9253408804354144,328,357580,0.0017440999945392832,60000,-0.11603081226348877,0.9654920101165771,0.22575959999812767
spatial_knn_ridge,EAS,MED,retrain,1.9147385309745626,328,357580,0.29117200001201127,120000,,,0.22575959999812767
spatial_knn_ridge,EAS,EAU,deploy,2.7366601975626965,241,260224,0.0,0,,,0.22575959999812767
spatial_knn_ridge,EAS,EAU,adapt,2.6208245675098847,241,260224,0.0017600999999558553,60000,-0.04127737879753113,0.8384536504745483,0.22575959999812767
spatial_knn_ridge,EAS,EAU,retrain,2.633165822978831,241,260224,0.26200169998628553,120000,,,0.22575959999812767
spatial_knn_ridge,EAS,NWN,deploy,2.5981714240188807,183,191293,0.0,0,,,0.22575959999812767
spatial_knn_ridge,EAS,NWN,adapt,2.5190279630363963,183,191293,0.0014647999923909083,60000,-0.2051754593849182,1.2281312942504883,0.22575959999812767
spatial_knn_ridge,EAS,NWN,retrain,2.508383575032969,183,191293,0.24159599999256898,120000,,,0.22575959999812767
spatial_knn_ridge,EAS,NCA,deploy,1.3651564663483038,144,154432,0.0,0,,,0.22575959999812767
spatial_knn_ridge,EAS,NCA,adapt,1.122639258702596,144,154432,0.0015313999901991338,60000,-0.19924628734588623,0.926826536655426,0.22575959999812767
spatial_knn_ridge,EAS,NCA,retrain,1.1164610642525885,144,154432,0.24943950001033954,120000,,,0.22575959999812767
