forecast_model,policy,n_pairs,point_r2,alpha,target_coverage,empirical_coverage,mean_bound_width,deploy_rate,adapt_rate,retrain_rate,unsafe_deploy_rate,mean_cost
graphwavenet_transfer,concat_global,110,0.840597429471382,0.2,0.8,0.8023030303030303,0.018169094340066697,0.0001818181818181818,0.022666666666666665,0.9771515151515153,0.0,0.6235151515151516
graphwavenet_transfer,concat_global,110,0.840597429471382,0.1,0.9,0.9133333333333333,0.04123150951814353,0.0,0.00030303030303030303,0.9996969696969698,0.0,0.6569090909090909
graphwavenet_transfer,concat_global,110,0.840597429471382,0.05,0.95,0.9634545454545453,0.05368948535555501,0.0,0.0,1.0,0.0,0.6555757575757575
graphwavenet_transfer,fixed_source_fusion_global,110,0.8930392036134814,0.2,0.8,0.8044242424242425,0.01998588222903809,0.0,0.00048484848484848484,0.9995151515151516,0.0,0.6657575757575758
graphwavenet_transfer,fixed_source_fusion_global,110,0.8930392036134814,0.1,0.9,0.909939393939394,0.03409210399198264,0.0,0.0,1.0,0.0,0.67
graphwavenet_transfer,fixed_source_fusion_global,110,0.8930392036134814,0.05,0.95,0.9645454545454546,0.04379283218752821,0.0,0.0,1.0,0.0,0.662
graphwavenet_transfer,reliability_fusion_global,110,0.8795056690818791,0.2,0.8,0.806,0.02093332390840824,0.0,0.0,1.0,0.0,0.656
graphwavenet_transfer,reliability_fusion_global,110,0.8795056690818791,0.1,0.9,0.9096363636363636,0.03584570944405888,0.0,0.0,1.0,0.0,0.6521818181818182
graphwavenet_transfer,reliability_fusion_global,110,0.8795056690818791,0.05,0.95,0.9631515151515151,0.04575589883388199,0.0,0.0,1.0,0.0,0.6583030303030303
graphwavenet_transfer,reliability_fusion_conflict_stratified,110,0.8795056690818791,0.2,0.8,0.8289696969696969,0.02160387483292596,0.00012121212121212121,0.07024242424242425,0.9296363636363636,0.0,0.5525454545454545
graphwavenet_transfer,reliability_fusion_conflict_stratified,110,0.8795056690818791,0.1,0.9,0.9389090909090909,0.029183180353901453,0.0,0.037575757575757575,0.9624242424242425,0.0,0.5909696969696969
graphwavenet_transfer,reliability_fusion_conflict_stratified,110,0.8795056690818791,0.05,0.95,0.9530303030303031,0.030246623559172386,0.0,0.01606060606060606,0.9839393939393941,0.0,0.6306060606060605
graphwavenet_transfer,three_source_excl_local_global,110,0.65775810485374,0.2,0.8,0.8055757575757576,0.019884737043974525,0.0,0.02509090909090909,0.974909090909091,0.0,0.6089696969696969
graphwavenet_transfer,three_source_excl_local_global,110,0.65775810485374,0.1,0.9,0.9102424242424242,0.04554091473500112,0.0,0.0,1.0,0.0,0.6693333333333333
graphwavenet_transfer,three_source_excl_local_global,110,0.65775810485374,0.05,0.95,0.9638787878787878,0.05808696689629921,0.0,0.0,1.0,0.0,0.6673939393939393
graphwavenet_transfer,three_source_excl_local_conflict_stratified,110,0.65775810485374,0.2,0.8,0.8204242424242424,0.02108444646982791,0.0329090909090909,0.15193939393939393,0.8151515151515152,0.04546722454672245,0.4237575757575758
graphwavenet_transfer,three_source_excl_local_conflict_stratified,110,0.65775810485374,0.1,0.9,0.9323636363636365,0.029288504050846386,0.009151515151515152,0.10121212121212123,0.8896363636363638,0.008152173913043478,0.4926060606060605
graphwavenet_transfer,three_source_excl_local_conflict_stratified,110,0.65775810485374,0.05,0.95,0.9453333333333334,0.029960865064251763,0.001818181818181818,0.09430303030303029,0.9038787878787877,0.018181818181818184,0.5114545454545455
linear_window,concat_global,110,-2.1140998338096217,0.2,0.8,0.7991515151515152,0.006279899523086363,0.06545454545454547,0.37327272727272726,0.5612727272727273,0.0,0.43327272727272725
linear_window,concat_global,110,-2.1140998338096217,0.1,0.9,0.9113939393939394,0.01643596051831849,0.0030303030303030307,0.19703030303030303,0.799939393939394,0.0,0.7855757575757575
linear_window,concat_global,110,-2.1140998338096217,0.05,0.95,0.9664848484848485,0.03868167683214103,6.0606060606060605e-05,0.011393939393939394,0.9885454545454545,0.0,1.1378181818181818
linear_window,fixed_source_fusion_global,110,0.21747778794590888,0.2,0.8,0.8066060606060605,0.012437560876174994,0.00024242424242424242,0.16012121212121214,0.8396363636363636,0.0,0.8373939393939395
linear_window,fixed_source_fusion_global,110,0.21747778794590888,0.1,0.9,0.9144848484848486,0.027110704200217252,0.0,0.003636363636363636,0.9963636363636365,0.0,1.1436969696969697
linear_window,fixed_source_fusion_global,110,0.21747778794590888,0.05,0.95,0.9643636363636364,0.05356381251952596,0.0,0.0,1.0,0.0,1.1446666666666665
linear_window,reliability_fusion_global,110,0.21702470549707353,0.2,0.8,0.8013333333333332,0.011045449399246893,0.00012121212121212121,0.2138181818181818,0.786060606060606,0.0,0.7555151515151515
linear_window,reliability_fusion_global,110,0.21702470549707353,0.1,0.9,0.911151515151515,0.02430677994397567,0.0,0.012606060606060607,0.9873939393939395,0.0,1.1213333333333333
linear_window,reliability_fusion_global,110,0.21702470549707353,0.05,0.95,0.959939393939394,0.046389720998973795,0.0,0.00030303030303030303,0.9996969696969696,0.0,1.1455151515151514
linear_window,reliability_fusion_conflict_stratified,110,0.21702470549707353,0.2,0.8,0.8341818181818181,0.01692312529712099,0.05254545454545455,0.27145454545454545,0.6759999999999999,0.0,0.6402424242424242
linear_window,reliability_fusion_conflict_stratified,110,0.21702470549707353,0.1,0.9,0.9420000000000001,0.028016031436790538,0.00896969696969697,0.2639393939393939,0.7270909090909091,0.0,0.7068484848484848
linear_window,reliability_fusion_conflict_stratified,110,0.21702470549707353,0.05,0.95,0.9552727272727272,0.02863445770956952,0.001090909090909091,0.22290909090909092,0.776,0.0,0.7485454545454545
linear_window,three_source_excl_local_global,110,0.009983727274342269,0.2,0.8,0.7981818181818181,0.007385962995049514,0.05763636363636363,0.3547878787878788,0.5875757575757575,0.00037313432835820896,0.4678787878787879
linear_window,three_source_excl_local_global,110,0.009983727274342269,0.1,0.9,0.9115757575757577,0.017527863422510618,0.000909090909090909,0.17981818181818182,0.8192727272727272,0.0,0.7969090909090909
linear_window,three_source_excl_local_global,110,0.009983727274342269,0.05,0.95,0.965090909090909,0.03034155314363241,0.0,0.023151515151515152,0.9768484848484846,0.0,1.1224242424242425
linear_window,three_source_excl_local_conflict_stratified,110,0.009983727274342269,0.2,0.8,0.8306666666666668,0.010098911401299654,0.15036363636363637,0.2853333333333333,0.5643030303030304,0.0,0.3389090909090909
linear_window,three_source_excl_local_conflict_stratified,110,0.009983727274342269,0.1,0.9,0.9403030303030304,0.018373462053732158,0.0890909090909091,0.27703030303030296,0.6338787878787877,0.0,0.4382424242424242
linear_window,three_source_excl_local_conflict_stratified,110,0.009983727274342269,0.05,0.95,0.9478787878787879,0.01827901587398508,0.0696969696969697,0.2927272727272727,0.6375757575757575,0.0,0.4623636363636363
patchtst_small,concat_global,110,0.8394882762889876,0.2,0.8,0.7984848484848486,0.007766291949464859,0.01939393939393939,0.3578181818181818,0.6227878787878787,0.0,0.5417575757575757
patchtst_small,concat_global,110,0.8394882762889876,0.1,0.9,0.9107878787878788,0.0172724355729725,6.0606060606060605e-05,0.16418181818181818,0.8357575757575758,0.0,0.8591515151515151
patchtst_small,concat_global,110,0.8394882762889876,0.05,0.95,0.9627272727272728,0.03115725740556267,0.0,0.01909090909090909,0.9809090909090911,0.0,1.1346666666666665
patchtst_small,fixed_source_fusion_global,110,0.7770831800672173,0.2,0.8,0.8066666666666668,0.014631059745712827,0.0,0.12357575757575759,0.8764242424242424,0.0,0.9300000000000002
patchtst_small,fixed_source_fusion_global,110,0.7770831800672173,0.1,0.9,0.912,0.03485725680826067,0.0,0.002727272727272727,0.9972727272727273,0.0,1.1741212121212121
patchtst_small,fixed_source_fusion_global,110,0.7770831800672173,0.05,0.95,0.9638787878787878,0.06236401762425538,0.0,0.0,1.0,0.0,1.1833939393939394
patchtst_small,reliability_fusion_global,110,0.7605792956555038,0.2,0.8,0.8009090909090909,0.015297326594039309,0.00012121212121212121,0.10606060606060606,0.8938181818181817,0.0,0.9643030303030303
patchtst_small,reliability_fusion_global,110,0.7605792956555038,0.1,0.9,0.9123030303030303,0.03625274935215647,0.0,0.0019393939393939393,0.998060606060606,0.0,1.1646666666666665
patchtst_small,reliability_fusion_global,110,0.7605792956555038,0.05,0.95,0.9678181818181819,0.06475091877805773,0.0,0.0,1.0,0.0,1.1876363636363636
patchtst_small,reliability_fusion_conflict_stratified,110,0.7605792956555038,0.2,0.8,0.8318181818181818,0.023451490283031107,0.05660606060606061,0.2764848484848485,0.6669090909090909,0.0021197673921409333,0.6746666666666666
patchtst_small,reliability_fusion_conflict_stratified,110,0.7605792956555038,0.1,0.9,0.9373333333333335,0.033859714433514834,0.0069696969696969695,0.29800000000000004,0.695030303030303,0.0,0.7407878787878789
patchtst_small,reliability_fusion_conflict_stratified,110,0.7605792956555038,0.05,0.95,0.9519393939393941,0.03472715774070896,0.0016969696969696968,0.2593333333333333,0.7389696969696969,0.0,0.7402424242424243
patchtst_small,three_source_excl_local_global,110,0.82471603719752,0.2,0.8,0.8051515151515151,0.006392092711113347,0.04672727272727273,0.35393939393939394,0.5993333333333334,0.0,0.4749696969696969
patchtst_small,three_source_excl_local_global,110,0.82471603719752,0.1,0.9,0.910181818181818,0.01251445512132566,0.002121212121212121,0.2627272727272727,0.7351515151515152,0.0,0.6555151515151516
patchtst_small,three_source_excl_local_global,110,0.82471603719752,0.05,0.95,0.965090909090909,0.01992031024209233,0.0,0.08084848484848486,0.9191515151515152,0.0,1.0138787878787878
patchtst_small,three_source_excl_local_conflict_stratified,110,0.82471603719752,0.2,0.8,0.8336363636363636,0.007431894286232893,0.1707878787878788,0.2756363636363636,0.5535757575757575,0.0,0.3123030303030303
patchtst_small,three_source_excl_local_conflict_stratified,110,0.82471603719752,0.1,0.9,0.935090909090909,0.011678680858223546,0.11963636363636364,0.26963636363636356,0.6107272727272727,0.0,0.39006060606060605
patchtst_small,three_source_excl_local_conflict_stratified,110,0.82471603719752,0.05,0.95,0.9529696969696969,0.012425989351633209,0.08648484848484848,0.28642424242424247,0.627090909090909,0.0,0.43575757575757573
regional_doy_climatology,concat_global,110,0.7009826206628886,0.2,0.8,0.8036969696969698,0.011159795341848062,0.3810909090909091,0.00896969696969697,0.6099393939393939,0.0,0.22430303030303028
regional_doy_climatology,concat_global,110,0.7009826206628886,0.1,0.9,0.9110303030303031,0.04729792463440517,0.35351515151515156,0.01109090909090909,0.6353939393939394,0.0,0.2857575757575757
regional_doy_climatology,concat_global,110,0.7009826206628886,0.05,0.95,0.9667272727272727,0.12141901569207758,0.30418181818181816,0.0036969696969696964,0.6921212121212121,0.0,0.4566060606060607
regional_doy_climatology,fixed_source_fusion_global,110,0.8291174118269664,0.2,0.8,0.8032121212121213,0.09267125407283158,0.22230303030303028,0.005636363636363636,0.7720606060606061,0.0,0.6923030303030303
regional_doy_climatology,fixed_source_fusion_global,110,0.8291174118269664,0.1,0.9,0.9129090909090909,0.9404246472247129,0.10157575757575757,0.0031515151515151513,0.8952727272727274,0.0,1.050121212121212
regional_doy_climatology,fixed_source_fusion_global,110,0.8291174118269664,0.05,0.95,0.9604848484848484,1.4524981962557018,0.038303030303030304,0.0026060606060606057,0.9590909090909091,0.0,1.2437575757575758
regional_doy_climatology,reliability_fusion_global,110,0.9793391666345093,0.2,0.8,0.8023636363636364,0.04898280895181577,0.41800000000000004,0.007151515151515152,0.5748484848484848,0.0,0.09733333333333334
regional_doy_climatology,reliability_fusion_global,110,0.9793391666345093,0.1,0.9,0.914060606060606,0.3588057456840844,0.24593939393939393,0.008424242424242424,0.7456363636363637,0.0,0.6336969696969696
regional_doy_climatology,reliability_fusion_global,110,0.9793391666345093,0.05,0.95,0.9665454545454547,0.5728764404340398,0.15054545454545454,0.0025454545454545456,0.8469090909090908,0.0,0.9158181818181819
regional_doy_climatology,reliability_fusion_conflict_stratified,110,0.9793391666345093,0.2,0.8,0.8283636363636363,0.17664498096885647,0.34933333333333333,0.02072727272727273,0.6299393939393939,0.0,0.285030303030303
regional_doy_climatology,reliability_fusion_conflict_stratified,110,0.9793391666345093,0.1,0.9,0.9321818181818181,0.21266044290328004,0.339939393939394,0.007151515151515152,0.6529090909090909,0.0,0.3352727272727273
regional_doy_climatology,reliability_fusion_conflict_stratified,110,0.9793391666345093,0.05,0.95,0.9487272727272725,0.2162662924469052,0.34,0.004363636363636364,0.6556363636363636,0.0,0.33848484848484844
regional_doy_climatology,three_source_excl_local_global,110,0.9913828191892551,0.2,0.8,0.8019393939393938,0.018328904695535653,0.43375757575757573,0.008000000000000002,0.5582424242424241,0.0,0.04424242424242424
regional_doy_climatology,three_source_excl_local_global,110,0.9913828191892551,0.1,0.9,0.9191515151515152,0.20582270805689784,0.3278787878787879,0.009030303030303029,0.6630909090909091,0.0,0.3627878787878788
regional_doy_climatology,three_source_excl_local_global,110,0.9913828191892551,0.05,0.95,0.966121212121212,0.3858894446061051,0.24733333333333335,0.004545454545454546,0.7481212121212121,0.0,0.6313939393939393
regional_doy_climatology,three_source_excl_local_conflict_stratified,110,0.9913828191892551,0.2,0.8,0.8320000000000001,0.11935842309183407,0.412969696969697,0.028121212121212123,0.5589090909090909,0.0,0.10642424242424244
regional_doy_climatology,three_source_excl_local_conflict_stratified,110,0.9913828191892551,0.1,0.9,0.9307272727272728,0.18892445005680233,0.341030303030303,0.018666666666666665,0.6403030303030303,0.0,0.32078787878787873
regional_doy_climatology,three_source_excl_local_conflict_stratified,110,0.9913828191892551,0.05,0.95,0.9443030303030302,0.21177441571423092,0.3466060606060606,0.012303030303030302,0.641090909090909,0.0,0.3028484848484848
spatial_knn_ridge,concat_global,110,0.9693011812303028,0.2,0.8,0.800060606060606,0.010254821101287023,0.35800000000000004,0.10521212121212122,0.5367878787878787,0.052020910438429616,0.3483636363636363
spatial_knn_ridge,concat_global,110,0.9693011812303028,0.1,0.9,0.918909090909091,0.023222350715977638,0.3111515151515151,0.06424242424242424,0.6246060606060606,0.05354239392508001,0.5332727272727272
spatial_knn_ridge,concat_global,110,0.9693011812303028,0.05,0.95,0.962121212121212,0.04208271711047445,0.25769696969696965,0.046242424242424245,0.696060606060606,0.030641094572209124,0.6362424242424243
spatial_knn_ridge,fixed_source_fusion_global,110,0.8539420439631132,0.2,0.8,0.8101212121212122,0.03640949452181017,0.17224242424242425,0.106,0.7217575757575758,0.0,0.6499393939393939
spatial_knn_ridge,fixed_source_fusion_global,110,0.8539420439631132,0.1,0.9,0.910121212121212,0.05020340215803203,0.0970909090909091,0.08133333333333333,0.8215757575757575,0.0,0.9123030303030301
spatial_knn_ridge,fixed_source_fusion_global,110,0.8539420439631132,0.05,0.95,0.9627272727272728,0.06976511335198646,0.027636363636363636,0.05284848484848485,0.9195151515151516,0.0,1.162909090909091
spatial_knn_ridge,reliability_fusion_global,110,0.9317508580443491,0.2,0.8,0.8051515151515151,0.024379858529227392,0.2632727272727272,0.11072727272727273,0.626,0.0,0.3704848484848485
spatial_knn_ridge,reliability_fusion_global,110,0.9317508580443491,0.1,0.9,0.9147272727272726,0.035366315282684954,0.24315151515151512,0.032606060606060604,0.7242424242424242,0.0,0.5653939393939394
spatial_knn_ridge,reliability_fusion_global,110,0.9317508580443491,0.05,0.95,0.9633333333333334,0.05079965755575916,0.1484848484848485,0.0933939393939394,0.7581212121212121,0.0,0.750060606060606
spatial_knn_ridge,reliability_fusion_conflict_stratified,110,0.9317508580443491,0.2,0.8,0.832060606060606,0.022700753315063327,0.31751515151515153,0.09763636363636365,0.5848484848484848,0.0030147504958112042,0.35054545454545455
spatial_knn_ridge,reliability_fusion_conflict_stratified,110,0.9317508580443491,0.1,0.9,0.9342424242424242,0.0345589474960153,0.22103030303030305,0.12860606060606058,0.6503636363636364,0.0003812636165577342,0.5359393939393939
spatial_knn_ridge,reliability_fusion_conflict_stratified,110,0.9317508580443491,0.05,0.95,0.9536363636363637,0.040611235340097133,0.1773939393939394,0.12054545454545453,0.7020606060606062,0.0,0.6167272727272727
spatial_knn_ridge,three_source_excl_local_global,110,0.9377043406334085,0.2,0.8,0.8069090909090909,0.009295552485762663,0.31975757575757574,0.13969696969696968,0.5405454545454544,0.0010299359509885826,0.267030303030303
spatial_knn_ridge,three_source_excl_local_global,110,0.9377043406334085,0.1,0.9,0.9079393939393939,0.01926876969231514,0.2695151515151515,0.10400000000000001,0.6264848484848484,0.0,0.406969696969697
spatial_knn_ridge,three_source_excl_local_global,110,0.9377043406334085,0.05,0.95,0.9624242424242425,0.027866110673883775,0.24321212121212124,0.06024242424242425,0.6965454545454546,0.0,0.5306666666666666
spatial_knn_ridge,three_source_excl_local_conflict_stratified,110,0.9377043406334085,0.2,0.8,0.8264848484848485,0.01167750234520474,0.34351515151515155,0.12212121212121213,0.5343636363636364,0.019472482566673128,0.32466666666666666
spatial_knn_ridge,three_source_excl_local_conflict_stratified,110,0.9377043406334085,0.1,0.9,0.9387878787878787,0.02068815294534879,0.2884242424242424,0.09072727272727273,0.6208484848484849,0.0045885697120217235,0.3949090909090909
spatial_knn_ridge,three_source_excl_local_conflict_stratified,110,0.9377043406334085,0.05,0.95,0.9508484848484848,0.028127670288117534,0.25842424242424245,0.05551515151515152,0.686060606060606,0.000533816425120773,0.5057575757575757
stgcn_diffusion,concat_global,110,0.6477935166115296,0.2,0.8,0.801939393939394,0.01539371115359749,0.00024242424242424242,0.06193939393939394,0.9378181818181819,0.0,0.6429090909090909
stgcn_diffusion,concat_global,110,0.6477935166115296,0.1,0.9,0.9106666666666666,0.03206760041618118,0.0,0.0012121212121212121,0.9987878787878788,0.0,0.7744848484848484
stgcn_diffusion,concat_global,110,0.6477935166115296,0.05,0.95,0.9653333333333334,0.093795912838187,0.0,0.0,1.0,0.0,0.765939393939394
stgcn_diffusion,fixed_source_fusion_global,110,0.6662536949734734,0.2,0.8,0.8025454545454546,0.018963900591679187,0.0,0.000909090909090909,0.9990909090909091,0.0,0.7717575757575756
stgcn_diffusion,fixed_source_fusion_global,110,0.6662536949734734,0.1,0.9,0.9086060606060605,0.034754366509220466,0.0,0.0,1.0,0.0,0.7792121212121211
stgcn_diffusion,fixed_source_fusion_global,110,0.6662536949734734,0.05,0.95,0.9641212121212122,0.09035598945532901,0.0,0.0,1.0,0.0,0.7750909090909092
stgcn_diffusion,reliability_fusion_global,110,0.6556508927384954,0.2,0.8,0.8075151515151515,0.020603883623537888,0.0,0.00012121212121212121,0.999878787878788,0.0,0.7701818181818181
stgcn_diffusion,reliability_fusion_global,110,0.6556508927384954,0.1,0.9,0.9122424242424241,0.03801475507839711,0.0,0.0,1.0,0.0,0.7757575757575759
stgcn_diffusion,reliability_fusion_global,110,0.6556508927384954,0.05,0.95,0.9646666666666666,0.09628479123192948,0.0,0.0,1.0,0.0,0.7747272727272727
stgcn_diffusion,reliability_fusion_conflict_stratified,110,0.6556508927384954,0.2,0.8,0.8251515151515152,0.027920894532121286,0.0008484848484848484,0.09648484848484848,0.9026666666666667,0.0,0.6046666666666667
stgcn_diffusion,reliability_fusion_conflict_stratified,110,0.6556508927384954,0.1,0.9,0.9375151515151515,0.07291878811392083,6.0606060606060605e-05,0.023878787878787878,0.9760606060606061,0.0,0.7267878787878786
stgcn_diffusion,reliability_fusion_conflict_stratified,110,0.6556508927384954,0.05,0.95,0.9488484848484847,0.07005414660406055,0.0,0.006666666666666667,0.9933333333333333,0.0,0.7572121212121212
stgcn_diffusion,three_source_excl_local_global,110,0.6468846719786074,0.2,0.8,0.8022424242424242,0.013945387175756201,6.0606060606060605e-05,0.08127272727272727,0.9186666666666667,0.0,0.6049696969696969
stgcn_diffusion,three_source_excl_local_global,110,0.6468846719786074,0.1,0.9,0.9058787878787878,0.028765280011257097,0.0,0.0011515151515151514,0.998848484848485,0.0,0.7615757575757577
stgcn_diffusion,three_source_excl_local_global,110,0.6468846719786074,0.05,0.95,0.9616969696969697,0.03764193389689191,0.0,0.0,1.0,0.0,0.7754545454545454
stgcn_diffusion,three_source_excl_local_conflict_stratified,110,0.6468846719786074,0.2,0.8,0.8301212121212121,0.016208204486582587,0.028484848484848484,0.1804242424242424,0.7910909090909091,0.009205426356589146,0.40139393939393936
stgcn_diffusion,three_source_excl_local_conflict_stratified,110,0.6468846719786074,0.1,0.9,0.9383636363636363,0.028419084667710662,0.0048484848484848485,0.15236363636363634,0.8427878787878788,0.0,0.505030303030303
stgcn_diffusion,three_source_excl_local_conflict_stratified,110,0.6468846719786074,0.05,0.95,0.9525454545454545,0.029779523820393058,0.0010303030303030303,0.11460606060606063,0.8843636363636361,0.0,0.548969696969697
